<?xml version="1.0" encoding="utf-8" ?>
<Defs>


<ThingDef ParentName="AnimalThingBase">
    <defName>Alligator</defName>
    <label>alligator</label>
    <description>Older than dinosaurs, crocodylian reptiles ambush prey with a powerful bite before drowning and dismembering them with their terrifying death roll.</description>
    <statBases>
      <MoveSpeed>2.83</MoveSpeed>
      <ComfyTemperatureMin>0</ComfyTemperatureMin>
	  <ComfyTemperatureMax>60</ComfyTemperatureMax>
      <MarketValue>360</MarketValue>
    </statBases>
    <tools>
	 <li>
        <label>left claw</label>
        <capacities>
          <li>Scratch</li>
        </capacities>
        <power>8</power>
        <cooldownTime>1.65</cooldownTime>
        <linkedBodyPartsGroup>FrontLeftClaws</linkedBodyPartsGroup>		
		<ensureLinkedBodyPartsGroupAlwaysUsable>true</ensureLinkedBodyPartsGroupAlwaysUsable>
		<chanceFactor>0.2</chanceFactor>
      </li>
      <li>
        <label>right claw</label>
        <capacities>
          <li>Scratch</li>
        </capacities>
        <power>8</power>
        <cooldownTime>1.65</cooldownTime>
        <linkedBodyPartsGroup>FrontRightClaws</linkedBodyPartsGroup>
		<ensureLinkedBodyPartsGroupAlwaysUsable>true</ensureLinkedBodyPartsGroupAlwaysUsable>
		<chanceFactor>0.2</chanceFactor>
      </li>
      <li>
        <capacities>
          <li>Bite</li>
        </capacities>
        <power>21</power>
        <cooldownTime>1.65</cooldownTime>
        <linkedBodyPartsGroup>Teeth</linkedBodyPartsGroup>
		<ensureLinkedBodyPartsGroupAlwaysUsable>true</ensureLinkedBodyPartsGroupAlwaysUsable>
		<surpriseAttack>
          <extraMeleeDamages>
            <li>
              <def>Stun</def>
              <amount>14</amount>
            </li>
          </extraMeleeDamages>
        </surpriseAttack>
      </li>
	  <li>
        <label>tail</label>
        <capacities>
          <li>Blunt</li>
        </capacities>
        <power>12</power>
        <cooldownTime>1.65</cooldownTime>
        <linkedBodyPartsGroup>Tail</linkedBodyPartsGroup>
		<ensureLinkedBodyPartsGroupAlwaysUsable>true</ensureLinkedBodyPartsGroupAlwaysUsable>
        <chanceFactor>0.2</chanceFactor>
      </li>
      <li>
        <label>head</label>
        <capacities>
          <li>Blunt</li>
        </capacities>
        <power>8</power>
        <cooldownTime>1.65</cooldownTime>
        <linkedBodyPartsGroup>HeadAttackTool</linkedBodyPartsGroup>
		<ensureLinkedBodyPartsGroupAlwaysUsable>true</ensureLinkedBodyPartsGroupAlwaysUsable>
        <chanceFactor>0.2</chanceFactor>
      </li>
    </tools>
    <comps>
      <li Class="CompProperties_EggLayer">
        <eggFertilizedDef>EggAlligatorFertilized</eggFertilizedDef>
        <eggFertilizationCountMax>1</eggFertilizationCountMax>
        <eggLayIntervalDays>10</eggLayIntervalDays>
        <eggProgressUnfertilizedMax>0.5</eggProgressUnfertilizedMax>
        <eggCountRange>
          <min>1</min>
          <max>2</max>
        </eggCountRange>
      </li>
    </comps>
    <race>
			<body>Crocodylian</body>
			<herdAnimal>false</herdAnimal>
			<predator>true</predator>
			<baseBodySize>2.7</baseBodySize>
			<baseHealthScale>3.6</baseHealthScale>
			<baseHungerRate>0.28</baseHungerRate>
			<foodType>CarnivoreAnimal, OvivoreAnimal</foodType>
      <leatherDef>Leather_Lizard</leatherDef>    
	  <wildness>0.85</wildness>
	  <meatLabel>alligator meat</meatLabel>
	  <manhunterOnTameFailChance>0.018</manhunterOnTameFailChance>
      <manhunterOnDamageChance>.1</manhunterOnDamageChance>
      <gestationPeriodDays>21</gestationPeriodDays>
      <litterSizeCurve>
        <points>
          <li>(1, 0)</li>
          <li>(1.5, 1)</li>
          <li>(2.5, 1)</li>
          <li>(3, 0)</li>
        </points>
      </litterSizeCurve>
      <lifeExpectancy>60</lifeExpectancy>
      <lifeStageAges>
        <li>
          <def>AnimalBaby</def>
          <minAge>0</minAge>
        </li>
        <li>
          <def>AnimalJuvenile</def>
          <minAge>0.09</minAge>
        </li>
        <li>
          <def>AnimalAdult</def>
          <minAge>0.18</minAge>
          <soundWounded>Pawn_Crocodylian_Wounded</soundWounded>
          <soundDeath>Pawn_Crocodylian_Killed</soundDeath>
          <soundCall>Pawn_Crocodylian_Call</soundCall>
          <soundAngry>Pawn_Crocodylian_Angry</soundAngry>
        </li>
      </lifeStageAges>
	  <wildBiomes>
		<TropicalRainforest>0.5</TropicalRainforest>
		<TropicalSwamp>0.7</TropicalSwamp>
		<TemperateSwamp>0.1</TemperateSwamp>
      </wildBiomes>
      <soundMeleeHitPawn>Pawn_Melee_SmallScratch_HitPawn</soundMeleeHitPawn>
      <soundMeleeHitBuilding>Pawn_Melee_SmallScratch_HitBuilding</soundMeleeHitBuilding>
      <soundMeleeMiss>Pawn_Melee_SmallScratch_Miss</soundMeleeMiss>
    </race>
    <tradeTags>
	  <li>StandardAnimal</li>
      <li>BadAssAnimal</li>
    </tradeTags>
  </ThingDef>
  <PawnKindDef ParentName="AnimalKindBase">
    <defName>Alligator</defName>
    <label>alligator</label>
    <race>Alligator</race>
    <combatPower>270</combatPower>
    <ecoSystemWeight>0.42</ecoSystemWeight>
    <lifeStages>
      <li>
        <bodyGraphicData>
          <texPath>Things/Pawn/Animal/Alligator/Alligator</texPath>
          <drawSize>1</drawSize>
        </bodyGraphicData>
        <dessicatedBodyGraphicData>
          <texPath>Things/Pawn/Animal/Dessicated/CrocodylianDessicated</texPath>
          <drawSize>1</drawSize>
        </dessicatedBodyGraphicData>
      </li>
      <li>
        <bodyGraphicData>
          <texPath>Things/Pawn/Animal/Alligator/Alligator</texPath>
          <drawSize>1.6</drawSize>
        </bodyGraphicData>
        <dessicatedBodyGraphicData>
          <texPath>Things/Pawn/Animal/Dessicated/CrocodylianDessicated</texPath>
          <drawSize>1.6</drawSize>
        </dessicatedBodyGraphicData>
      </li>
      <li>
        <bodyGraphicData>
          <texPath>Things/Pawn/Animal/Alligator/Alligator</texPath>
          <drawSize>3.6</drawSize>
          <shadowData>
            <volume>(0.25, 0.3, 0.25)</volume>
            <offset>(0,0,0)</offset>
          </shadowData>
        </bodyGraphicData>
		<femaleGraphicData>
          <texPath>Things/Pawn/Animal/Alligator/Alligator</texPath>
          <drawSize>2.1</drawSize>
          <shadowData>
            <volume>(0.4, 0.4, 0.4)</volume>
            <offset>(0,0,-0.2)</offset>
          </shadowData>
        </femaleGraphicData>
        <dessicatedBodyGraphicData>
          <texPath>Things/Pawn/Animal/Dessicated/CrocodylianDessicated</texPath>
          <drawSize>3.0</drawSize>
        </dessicatedBodyGraphicData>
      </li>
    </lifeStages>
  </PawnKindDef>
  
  
  </Defs>