﻿<?xml version="1.0" encoding="utf-8" ?>
<Defs>

  <!--=============== Pure stuffs: Ivory ====================-->

  <ThingDef ParentName="ResourceBase">
    <defName>Ivory</defName>
    <label>ivory</label>
    <description>Since antiquity, carvers have made many high value works of art and precious objects from the dentin of elephants and other animals. Ivory cabochons were often used to form the whites of the eyes of statues.</description>
    <graphicData>
      <texPath>Things/Item/Resource/Ivory</texPath>
      <graphicClass>Graphic_StackCount</graphicClass>
    </graphicData>
    <soundInteract>ChunkRock_Drop</soundInteract>
    <soundDrop>ChunkRock_Drop</soundDrop>
    <useHitPoints>false</useHitPoints>
    <statBases>
      <MarketValue>10</MarketValue>
      <Mass>0.5</Mass>
      <StuffPower_Armor_Sharp>0.9</StuffPower_Armor_Sharp>
      <StuffPower_Armor_Blunt>0.45</StuffPower_Armor_Blunt>
      <StuffPower_Armor_Heat>0.54</StuffPower_Armor_Heat>
      <StuffPower_Insulation_Cold>3</StuffPower_Insulation_Cold>
      <StuffPower_Insulation_Heat>0</StuffPower_Insulation_Heat>
      <BluntDamageMultiplier>1.5</BluntDamageMultiplier>
    </statBases>
    <thingCategories>
      <li>ResourcesRaw</li>
    </thingCategories>
    <stackLimit>75</stackLimit>
    <stuffProps>
      <stuffAdjective>ivory</stuffAdjective>
      <categories>
        <li>Stony</li>
      </categories>
      <commonality>0.03</commonality>
      <color>(233,230,217)</color>
      <constructEffect>ConstructMetal</constructEffect>
      <soundImpactStuff>BulletImpact_Metal</soundImpactStuff>
      <soundMeleeHitSharp>MeleeHit_Metal_Sharp</soundMeleeHitSharp>
      <soundMeleeHitBlunt>MeleeHit_Metal_Blunt</soundMeleeHitBlunt>
      <statOffsets>
        <Beauty>20</Beauty>
      </statOffsets>
      <statFactors>
        <MaxHitPoints>0.6</MaxHitPoints>
        <Flammability>0.4</Flammability>
        <Beauty>4</Beauty>
        <WorkToMake>1.8</WorkToMake>
        <WorkToBuild>4.2</WorkToBuild>
        <MeleeWeapon_CooldownMultiplier>1.1</MeleeWeapon_CooldownMultiplier>
      </statFactors>
    </stuffProps>
  </ThingDef>
  
</Defs>
