﻿<?xml version="1.0" encoding="utf-8" ?>
<Defs>
	
  <!-- simple prosthetics (industrial tech) -->
 
  <ThingDef ParentName="BodyPartProstheticMakeableBase">
    <defName>SimpleProstheticEar</defName>
    <label>prosthetic ear</label>
    <description>A non-functioning cosmetic ear replacement. It won't restore any hearing ability but it will help hide the fact an ear is missing.</description>
    <descriptionHyperlinks><RecipeDef>InstallProstheticEar</RecipeDef></descriptionHyperlinks>
    <techLevel>Industrial</techLevel>
    <costList>
      <Steel>40</Steel>
      <ComponentIndustrial>1</ComponentIndustrial>
    </costList>
    <statBases>
      <WorkToMake>11000</WorkToMake>
      <Mass>.2</Mass>
    </statBases>
    <techHediffsTags>
      <li>Simple</li>
    </techHediffsTags>
  </ThingDef>

  <ThingDef ParentName="BodyPartProstheticMakeableBase">
    <defName>SimpleProstheticNose</defName>
    <label>prosthetic nose</label>
    <description>A nose prosthesis. While it is only a cosmetic solution, it eases the stigma of the disfigured. Still, it cannot fuction like a real nose.</description>
	<descriptionHyperlinks><RecipeDef>InstallProstheticNose</RecipeDef></descriptionHyperlinks>
    <techLevel>Industrial</techLevel>
    <costList>
      <Steel>40</Steel>
      <ComponentIndustrial>1</ComponentIndustrial>
    </costList>
    <statBases>
      <WorkToMake>11000</WorkToMake>
      <Mass>.2</Mass>
    </statBases>
    <techHediffsTags>
      <li>Simple</li>
    </techHediffsTags>
  </ThingDef>

  <ThingDef ParentName="BodyPartProstheticMakeableBase">
    <defName>SimpleProstheticHand</defName>
    <label>prosthetic hand</label>
    <description>A medical hand replacement. While it is only marginally functional, it can improve quality of life for the amputee.</description>
	<descriptionHyperlinks><RecipeDef>InstallProstheticHand</RecipeDef></descriptionHyperlinks>
    <techLevel>Industrial</techLevel>
    <costList>
      <Steel>50</Steel>
      <ComponentIndustrial>1</ComponentIndustrial>
    </costList>
    <statBases>
      <WorkToMake>15000</WorkToMake>
      <Mass>.5</Mass>
    </statBases>
    <techHediffsTags>
      <li>Simple</li>
    </techHediffsTags>
  </ThingDef>

  <ThingDef ParentName="BodyPartProstheticMakeableBase">
    <defName>SimpleProstheticFoot</defName>
    <label>prosthetic foot</label>
    <description>A medical foot replacement. While it is only marginally functional, it can improve quality of life for the amputee.</description>
	<descriptionHyperlinks><RecipeDef>InstallProstheticFoot</RecipeDef></descriptionHyperlinks>
    <techLevel>Industrial</techLevel>
    <costList>
      <Steel>50</Steel>
      <ComponentIndustrial>1</ComponentIndustrial>
    </costList>
    <statBases>
      <WorkToMake>15000</WorkToMake>
      <Mass>.5</Mass>
    </statBases>
    <techHediffsTags>
      <li>Simple</li>
    </techHediffsTags>
  </ThingDef>

  <!-- bionics (spacer tech) -->

  <ThingDef ParentName="BodyPartBionicBase">
    <defName>BionicNose</defName>
    <label>bionic nose</label>
    <description>An advanced artifical nose meant for reconstructive purposes but often used in cosmetics. With its neural-integrated, high fidelity olfactory sensors, it functions even better than a biological nose. A restorative system allows it to recover from damage.</description>
	<descriptionHyperlinks><RecipeDef>InstallBionicNose</RecipeDef></descriptionHyperlinks>
    <techLevel>Spacer</techLevel>
    <costList>
      <Plasteel>10</Plasteel>
      <ComponentSpacer>4</ComponentSpacer>
    </costList>
    <statBases>
      <WorkToMake>38000</WorkToMake>
      <Mass>0.3</Mass>
    </statBases>
    <techHediffsTags>
      <li>Advanced</li>
    </techHediffsTags>
  </ThingDef>

  <ThingDef ParentName="BodyPartBionicBase">
    <defName>BionicJaw</defName>
    <label>bionic jaw</label>
    <description>An advanced artificial jaw intended for reconstructive purposes but often used in cosmetics. With its neural-integrated, powerful composite jaws, it functions even better than a biological jaw. A restorative system allows it to recover from damage.</description>
	<descriptionHyperlinks><RecipeDef>InstallBionicJaw</RecipeDef></descriptionHyperlinks>
    <techLevel>Spacer</techLevel>
    <costList>
      <Plasteel>12</Plasteel>
      <ComponentSpacer>4</ComponentSpacer>
    </costList>
    <statBases>
      <WorkToMake>40000</WorkToMake>
      <Mass>0.4</Mass>
    </statBases>
    <techHediffsTags>
      <li>Advanced</li>
    </techHediffsTags>
  </ThingDef>

</Defs>