﻿<?xml version="1.0" encoding="utf-8" ?>
<Defs>
 
  <!--=============== Wild boar tusk ====================-->
  
  <ThingDef ParentName="ResourceVerbBase">
    <defName>WildBoarTusk</defName>
    <label>wild boar tusk</label>
    <description>A wild boar's tusk. It is very durable and valuable. Can be used as a weapon in a pinch.</description>
    <graphicData>
      <texPath>Things/Item/Special/WildBoarTusk</texPath>
      <graphicClass>Graphic_Single</graphicClass>
    </graphicData>
    <equippedAngleOffset>-20</equippedAngleOffset>
    <statBases>
      <MarketValue>20</MarketValue>
      <MaxHitPoints>150</MaxHitPoints>
      <Mass>1.8</Mass>
      <Flammability>0.9</Flammability>
      <DeteriorationRate>0.5</DeteriorationRate>
    </statBases>
    <resourceReadoutPriority>Middle</resourceReadoutPriority>
    <stackLimit>10</stackLimit>
    <tools>
      <li>
        <label>point</label>
        <capacities>
          <li>Scratch</li>
          <li>Stab</li>
        </capacities>
        <power>8.1</power>
        <cooldownTime>2</cooldownTime>
      </li>
      <li>
        <label>edge</label>
        <capacities>
          <li>Cut</li>
        </capacities>
        <power>8.4</power>
        <cooldownTime>2</cooldownTime>
        <chanceFactor>0.5</chanceFactor>
      </li>
    </tools>
    <thingCategories>
      <li>Items</li>
    </thingCategories>
    <tradeTags>
      <li>ExoticMisc</li>
    </tradeTags>
    <thingSetMakerTags>
      <li>AnimalPart</li>
    </thingSetMakerTags>
  </ThingDef>

</Defs>