<?xml version="1.0" encoding="utf-8"?>
  <ModMetaData>
	<name>Crikey, it's a Croc!</name>
	<author>LegendaryMinuteman</author>
		<supportedVersions>
			<li>1.3</li>
			<li>1.2</li>
			<li>1.1</li>
			<li>1.0</li>
		</supportedVersions>
	<packageId>LegendaryMinuteman.CrikeyItsACroc</packageId>
	<url></url>
	<description>
	
		Adds alligators and crocodiles to a few biomes.
	
		Licenses: CC-BY-NC
		Steam page art elements from http://www.pngall.com/
		Sound effects from https://www.zapsplat.com/
	</description>
  </ModMetaData>