<?xml version="1.0" encoding="utf-8" ?>
<Defs>

<ThingDef ParentName="EggUnfertBase">
    <defName>EggAlligatorUnfertilized</defName>
    <label>alligator egg (unfert.)</label>
    <description>Unfertilized egg of an alligator.</description>
    <graphicData>
      <color>(228,185,135)</color>
    </graphicData>
    <statBases>
      <MarketValue>5.0</MarketValue>
    </statBases>
  </ThingDef>

  <ThingDef ParentName="EggFertBase">
    <defName>EggAlligatorFertilized</defName>
    <label>alligator egg (fert.)</label>
    <description>Fertilized egg of an alligator. If all goes well, it should hatch into a new alligator.</description>
    <graphicData>
      <color>(245,245,245)</color>
    </graphicData>
    <statBases>
      <MarketValue>5.0</MarketValue>
    </statBases>
    <comps>
      <li Class="CompProperties_Hatcher">
        <hatcherDaystoHatch>4.5</hatcherDaystoHatch>
        <hatcherPawn>Crocodile</hatcherPawn>
      </li>
    </comps>
  </ThingDef>
  
  </Defs>