<?xml version="1.0" encoding="utf-8" ?>
<Defs>

  <TerrainDef ParentName="FloorBase">
    <defName>IvoryTile</defName>
    <label>ivory tile</label>
    <renderPrecedence>242</renderPrecedence>
    <description>When the situation calls for chryselephantine opulence, compliment your gold with ivory tiles.</description>
    <texturePath>Terrain/Surfaces/GenericFloorTile</texturePath>
    <color>(0.85, 0.85, 0.70)</color>
    <statBases>
      <Beauty>10</Beauty>
      <WorkToBuild>750</WorkToBuild>
      <Cleanliness>0.2</Cleanliness>
    </statBases>
    <costList>
      <Ivory>8</Ivory>
    </costList>
	<constructEffect>ConstructMetal</constructEffect>
    <researchPrerequisites>
      <li>Stonecutting</li>
    </researchPrerequisites>
    <tags>
      <li>FineFloor</li>
    </tags>
    <constructionSkillPrerequisite>3</constructionSkillPrerequisite>
  </TerrainDef>
  
</Defs>