﻿<?xml version="1.0" encoding="utf-8" ?>
<Defs>

  <!--==================== Install artificial parts =======================-->

  <RecipeDef ParentName="SurgeryFlesh">
    <defName>InstallGlassEye</defName>
    <label>install glass eye</label>
    <description>Install a glass eye.</description>
    <workerClass>Recipe_InstallArtificialBodyPart</workerClass>
    <jobString>Installing glass eye.</jobString>
    <workAmount>1300</workAmount>
    <surgerySuccessChanceFactor>1.40</surgerySuccessChanceFactor>
    <skillRequirements>
      <Medicine>3</Medicine>
    </skillRequirements>
    <ingredients>
      <li>
        <filter>
          <categories>
            <li>Medicine</li>
          </categories>
        </filter>
        <count>1</count>
      </li>
      <li>
        <filter>
          <thingDefs>
            <li>GlassEye</li>
          </thingDefs>
        </filter>
        <count>1</count>
      </li>
    </ingredients>
    <fixedIngredientFilter>
      <categories>
        <li>Medicine</li>
      </categories>
      <thingDefs>
        <li>GlassEye</li>
      </thingDefs>
    </fixedIngredientFilter>
    <appliedOnFixedBodyParts>
      <li>Eye</li>
    </appliedOnFixedBodyParts>
    <addsHediff>GlassEyeHediff</addsHediff>
		<recipeUsers>
			<li>Human</li>
		</recipeUsers>
  </RecipeDef>

  <RecipeDef ParentName="SurgeryFlesh">
    <defName>InstallProstheticNose</defName>
    <label>install prosthetic nose</label>
    <description>Install a prosthetic nose.</description>
    <workerClass>Recipe_InstallArtificialBodyPart</workerClass>
    <jobString>Installing prosthetic nose.</jobString>
    <workAmount>2000</workAmount>
    <surgerySuccessChanceFactor>1.25</surgerySuccessChanceFactor>
    <skillRequirements>
      <Medicine>3</Medicine>
    </skillRequirements>
    <ingredients>
      <li>
        <filter>
          <categories>
            <li>Medicine</li>
          </categories>
        </filter>
        <count>1</count>
      </li>
      <li>
        <filter>
          <thingDefs>
            <li>SimpleProstheticNose</li>
          </thingDefs>
        </filter>
        <count>1</count>
      </li>
    </ingredients>
    <fixedIngredientFilter>
      <categories>
        <li>Medicine</li>
      </categories>
      <thingDefs>
        <li>SimpleProstheticNose</li>
      </thingDefs>
    </fixedIngredientFilter>
    <appliedOnFixedBodyParts>
      <li>Nose</li>
    </appliedOnFixedBodyParts>
    <addsHediff>ProstheticNoseHediff</addsHediff>
		<recipeUsers>
			<li>Human</li>
		</recipeUsers>
  </RecipeDef>

  <RecipeDef ParentName="SurgeryFlesh">
    <defName>InstallProstheticEar</defName>
    <label>install prosthetic ear</label>
    <description>Install a prosthetic ear.</description>
    <workerClass>Recipe_InstallArtificialBodyPart</workerClass>
    <jobString>Installing prosthetic ear.</jobString>
    <workAmount>2000</workAmount>
    <surgerySuccessChanceFactor>1.25</surgerySuccessChanceFactor>
    <skillRequirements>
      <Medicine>3</Medicine>
    </skillRequirements>
    <ingredients>
      <li>
        <filter>
          <categories>
            <li>Medicine</li>
          </categories>
        </filter>
        <count>1</count>
      </li>
      <li>
        <filter>
          <thingDefs>
            <li>SimpleProstheticEar</li>
          </thingDefs>
        </filter>
        <count>1</count>
      </li>
    </ingredients>
    <fixedIngredientFilter>
      <categories>
        <li>Medicine</li>
      </categories>
      <thingDefs>
        <li>SimpleProstheticEar</li>
      </thingDefs>
    </fixedIngredientFilter>
    <appliedOnFixedBodyParts>
      <li>Ear</li>
    </appliedOnFixedBodyParts>
    <addsHediff>ProstheticEarHediff</addsHediff>
		<recipeUsers>
			<li>Human</li>
		</recipeUsers>
  </RecipeDef>  
  
  <RecipeDef ParentName="SurgeryFlesh">
    <defName>InstallBionicNose</defName>
    <label>install bionic nose</label>
    <description>Install a bionic nose.</description>
    <workerClass>Recipe_InstallArtificialBodyPart</workerClass>
    <jobString>Installing bionic nose.</jobString>
    <workAmount>2500</workAmount>
    <skillRequirements>
      <Medicine>5</Medicine>
    </skillRequirements>
    <ingredients>
      <li>
        <filter>
          <categories>
            <li>Medicine</li>
          </categories>
        </filter>
        <count>2</count>
      </li>
      <li>
        <filter>
          <thingDefs>
            <li>BionicNose</li>
          </thingDefs>
        </filter>
        <count>1</count>
      </li>
    </ingredients>
    <fixedIngredientFilter>
      <categories>
        <li>Medicine</li>
      </categories>
      <thingDefs>
        <li>BionicNose</li>
      </thingDefs>
    </fixedIngredientFilter>
    <appliedOnFixedBodyParts>
      <li>Nose</li>
    </appliedOnFixedBodyParts>
    <addsHediff>BionicNoseHediff</addsHediff>
		<recipeUsers>
			<li>Human</li>
		</recipeUsers>
  </RecipeDef>
  
  <RecipeDef ParentName="SurgeryFlesh">
    <defName>InstallBionicJaw</defName>
    <label>install bionic jaw</label>
    <description>Install a bionic jaw.</description>
    <workerClass>Recipe_InstallArtificialBodyPart</workerClass>
    <jobString>Installing bionic jaw.</jobString>
    <workAmount>2700</workAmount>
    <skillRequirements>
      <Medicine>6</Medicine>
    </skillRequirements>
    <ingredients>
      <li>
        <filter>
          <categories>
            <li>Medicine</li>
          </categories>
        </filter>
        <count>2</count>
      </li>
      <li>
        <filter>
          <thingDefs>
            <li>BionicJaw</li>
          </thingDefs>
        </filter>
        <count>1</count>
      </li>
    </ingredients>
    <fixedIngredientFilter>
      <categories>
        <li>Medicine</li>
      </categories>
      <thingDefs>
        <li>BionicJaw</li>
      </thingDefs>
    </fixedIngredientFilter>
    <appliedOnFixedBodyParts>
      <li>Jaw</li>
    </appliedOnFixedBodyParts>
    <addsHediff>BionicJawHediff</addsHediff>
		<recipeUsers>
			<li>Human</li>
		</recipeUsers>
  </RecipeDef>

</Defs>