﻿<?xml version="1.0" encoding="utf-8" ?>
<Defs>

  <RecipeDef>
    <defName>ProcessIvoryWldBoar</defName>
    <label>process ivory from raw wild boar tusk</label>
    <description>Produces beautiful ivory from raw wild boar tusk.</description>
    <jobString>Processing wild boar tusk into ivory.</jobString>
    <workAmount>600</workAmount>
    <workSpeedStat>GeneralLaborSpeed</workSpeedStat>
	<effectWorking>CutStone</effectWorking>
	<soundWorking>Recipe_MakeStoneBlocks</soundWorking>
    <ingredients>
      <li>
        <filter>
          <thingDefs>
            <li>WildBoarTusk</li>
          </thingDefs>
        </filter>
        <count>1</count>
      </li>
    </ingredients>
    <products>
      <Ivory>2</Ivory>
    </products>
	<recipeUsers>
		<li>TableStonecutter</li>
	</recipeUsers>
  </RecipeDef>

  <RecipeDef>
    <defName>ProcessIvoryElephant</defName>
    <label>process ivory from raw elephant tusk</label>
    <description>Produces beautiful ivory from raw elephant tusk.</description>
    <jobString>Processing elephant tusk into ivory.</jobString>
    <workAmount>2400</workAmount>
    <workSpeedStat>GeneralLaborSpeed</workSpeedStat>
	<effectWorking>CutStone</effectWorking>
	<soundWorking>Recipe_MakeStoneBlocks</soundWorking>
    <ingredients>
      <li>
        <filter>
          <thingDefs>
            <li>ElephantTusk</li>
          </thingDefs>
        </filter>
        <count>1</count>
      </li>
    </ingredients>
    <products>
      <Ivory>8</Ivory>
    </products>
	<recipeUsers>
		<li>TableStonecutter</li>
	</recipeUsers>
  </RecipeDef>
  
  <RecipeDef>
    <defName>ProcessIvoryThrumbo</defName>
    <label>process ivory from raw thrumbo horn</label>
    <description>Produces beautiful ivory from raw thrumbo horn.</description>
    <jobString>Processing thrumbo horn into ivory.</jobString>
    <workAmount>9600</workAmount>
    <workSpeedStat>GeneralLaborSpeed</workSpeedStat>
	<effectWorking>CutStone</effectWorking>
	<soundWorking>Recipe_MakeStoneBlocks</soundWorking>
    <ingredients>
      <li>
        <filter>
          <thingDefs>
            <li>ThrumboHorn</li>
          </thingDefs>
        </filter>
        <count>1</count>
      </li>
    </ingredients>
    <products>
      <Ivory>80</Ivory>
    </products>
	<recipeUsers>
		<li>TableStonecutter</li>
	</recipeUsers>
  </RecipeDef>
	
</Defs>