﻿<?xml version="1.0" encoding="utf-8" ?>
<Defs>

  <!-- Added body parts -->

  <HediffDef ParentName="AddedBodyPartBase">
    <defName>ProstheticEarHediff</defName>
    <label>prosthetic ear</label>
    <labelNoun>a prosthetic ear</labelNoun>
	<description>A prosthetic ear.</description>
	<descriptionHyperlinks><ThingDef>SimpleProstheticEar</ThingDef></descriptionHyperlinks>
    <addedPartProps>
      <solid>true</solid>
      <partEfficiency>0.00</partEfficiency>
      <betterThanNatural>false</betterThanNatural>
    </addedPartProps>
    <spawnThingOnRemoved>SimpleProstheticEar</spawnThingOnRemoved>
  </HediffDef>  
  
  <HediffDef ParentName="AddedBodyPartBase">
    <defName>ProstheticNoseHediff</defName>
    <label>prosthetic nose</label>
    <labelNoun>a prosthetic nose</labelNoun>
	<description>A prosthetic nose.</description>
	<descriptionHyperlinks><ThingDef>SimpleProstheticNose</ThingDef></descriptionHyperlinks>
    <addedPartProps>
      <solid>true</solid>
      <partEfficiency>0.00</partEfficiency>
      <betterThanNatural>false</betterThanNatural>
    </addedPartProps>
    <spawnThingOnRemoved>SimpleProstheticNose</spawnThingOnRemoved>
  </HediffDef>

  <HediffDef ParentName="AddedBodyPartBase">
    <defName>GlassEyeHediff</defName>
    <label>glass eye</label>
    <labelNoun>a glass eye</labelNoun>
    <description>A glass eye.</description>
	<descriptionHyperlinks><ThingDef>GlassEye</ThingDef></descriptionHyperlinks>
    <spawnThingOnRemoved>GlassEye</spawnThingOnRemoved>
    <addedPartProps>
	  <solid>true</solid>
      <partEfficiency>0.00</partEfficiency>
      <betterThanNatural>false</betterThanNatural>
    </addedPartProps>
  </HediffDef>

  <HediffDef ParentName="AddedBodyPartBase">
    <defName>BionicNoseHediff</defName>
    <label>bionic nose</label>
    <labelNoun>a bionic nose</labelNoun>
    <description>A bionic nose.</description>
	<descriptionHyperlinks><ThingDef>BionicNose</ThingDef></descriptionHyperlinks>
    <spawnThingOnRemoved>BionicNose</spawnThingOnRemoved>
    <addedPartProps>
      <solid>true</solid>
      <partEfficiency>1.25</partEfficiency>
    </addedPartProps>
  </HediffDef>

  <HediffDef ParentName="AddedBodyPartBase">
    <defName>BionicJawHediff</defName>
    <label>bionic jaw</label>
    <labelNoun>a bionic jaw</labelNoun>
    <description>A bionic jaw.</description>
	<descriptionHyperlinks><ThingDef>BionicJaw</ThingDef></descriptionHyperlinks>
	 <comps>
      <li Class="HediffCompProperties_VerbGiver">
        <tools>
          <li>
            <label>plasteel teeth</label>
            <capacities>
              <li>Bite</li>
            </capacities>
            <power>11.0</power>
            <cooldownTime>2</cooldownTime>
            <alwaysTreatAsWeapon>true</alwaysTreatAsWeapon>
          </li>
        </tools>
      </li>
    </comps>
    <spawnThingOnRemoved>BionicJaw</spawnThingOnRemoved>
    <addedPartProps>
      <solid>true</solid>
      <partEfficiency>1.25</partEfficiency>
    </addedPartProps>
  </HediffDef>

</Defs>