﻿<?xml version="1.0" encoding="utf-8" ?>

<Defs>


  <HediffDef ParentName="InjuryBase">
    <defName>Melted</defName>
    <label>melted</label>
    <labelNoun>a plasma burn</labelNoun>
	<description>A plasma burn.</description>
    <comps>
      <li Class="HediffCompProperties_TendDuration">
        <labelTendedWell>bandaged</labelTendedWell>
        <labelTendedWellInner>sutured</labelTendedWellInner>
        <labelSolidTendedWell>grafted</labelSolidTendedWell>
      </li>
      <li Class="HediffCompProperties_Infecter">
        <infectionChance>0.30</infectionChance>
      </li>
      <li Class="HediffCompProperties_GetsPermanent">
        <permanentLabel>melt scar</permanentLabel>
      </li>
    </comps>
    <injuryProps>
      <painPerSeverity>0.021</painPerSeverity>
      <averagePainPerSeverityPermanent>0.00938</averagePainPerSeverityPermanent>
      <canMerge>true</canMerge>
      <destroyedLabel>Melted off</destroyedLabel>
      <destroyedOutLabel>Melted out</destroyedOutLabel>
    </injuryProps>
  </HediffDef>

  <HediffDef ParentName="InjuryBase">
    <defName>AcidMelted</defName>
    <label>melted</label>
    <labelNoun>an acid burn</labelNoun>
	<description>An acid burn.</description>
    <comps>
      <li Class="HediffCompProperties_TendDuration">
        <labelTendedWell>bandaged</labelTendedWell>
        <labelTendedWellInner>sutured</labelTendedWellInner>
        <labelSolidTendedWell>grafted</labelSolidTendedWell>
      </li>
      <li Class="HediffCompProperties_Infecter">
        <infectionChance>0.30</infectionChance>
      </li>
      <li Class="HediffCompProperties_GetsPermanent">
        <permanentLabel>melt scar</permanentLabel>
      </li>
    </comps>
    <injuryProps>
      <painPerSeverity>0.021</painPerSeverity>
      <averagePainPerSeverityPermanent>0.00938</averagePainPerSeverityPermanent>
      <canMerge>true</canMerge>
      <destroyedLabel>Melted off</destroyedLabel>
      <destroyedOutLabel>Melted out</destroyedOutLabel>
    </injuryProps>
  </HediffDef> 
  
</Defs>