﻿<?xml version="1.0" encoding="utf-8"?>
<Defs>



  <!-- =================================== Throwing =================================== -->

    <SoundDef>
    <defName>Throwing_Knife</defName>  
    <context>MapOnly</context>  
    <eventNames />  
    <sustainStartSound IsNull="True" />  
    <sustainStopSound IsNull="True" />  
    <subSounds>
      <li>
        <grains>
          <li Class="AudioGrain_Clip">
            <clipPath>Things/Item/Equipment/WeaponRanged/Throwing_Knife</clipPath>
          </li>
        </grains>
      </li>
    </subSounds>
  </SoundDef>

    <SoundDef>
    <defName>Throwing_Tomahawk</defName>  
    <context>MapOnly</context>  
    <eventNames />  
    <sustainStartSound IsNull="True" />  
    <sustainStopSound IsNull="True" />  
    <subSounds>
      <li>
        <grains>
          <li Class="AudioGrain_Clip">
            <clipPath>Things/Item/Equipment/WeaponRanged/Throwing_Tomahawk</clipPath>
          </li>
        </grains>
      </li>
    </subSounds>
  </SoundDef>

  
  
  <!-- =============================== Ballistic Pistols =================================== -->

  <SoundDef>
    <defName>Interact_Ballistic_Pistol</defName>  
    <context>MapOnly</context>  
    <eventNames />  
    <sustainStartSound IsNull="True" />  
    <sustainStopSound IsNull="True" />  
    <subSounds>
      <li>
        <grains>
          <li Class="AudioGrain_Clip">
            <clipPath>UI/WeaponHandling/Interact_Ballistic_Pistol</clipPath>
          </li>
        </grains>      
        <volumeRange>
          <min>100</min>        
          <max>100</max>
        </volumeRange>
      </li>
    </subSounds>
  </SoundDef>

    <SoundDef>
    <defName>Shot_10mmPistol</defName>  
    <context>MapOnly</context>  
    <eventNames />  
    <sustainStartSound IsNull="True" />  
    <sustainStopSound IsNull="True" />  
    <subSounds>
      <li>
        <grains>
          <li Class="AudioGrain_Clip">
            <clipPath>Things/Item/Equipment/WeaponRanged/Shot_10mmPistol</clipPath>
          </li>
        </grains>
      </li>
    </subSounds>
  </SoundDef>

    <SoundDef>
    <defName>Shot_44Revolver</defName>  
    <context>MapOnly</context>  
    <eventNames />  
    <sustainStartSound IsNull="True" />  
    <sustainStopSound IsNull="True" />  
    <subSounds>
      <li>
        <grains>
          <li Class="AudioGrain_Clip">
            <clipPath>Things/Item/Equipment/WeaponRanged/Shot_44Revolver</clipPath>
          </li>
        </grains>
      </li>
    </subSounds>
  </SoundDef>

    <SoundDef>
    <defName>Shot_14mmPistol</defName>  
    <context>MapOnly</context>  
    <eventNames />  
    <sustainStartSound IsNull="True" />  
    <sustainStopSound IsNull="True" />  
    <subSounds>
      <li>
        <grains>
          <li Class="AudioGrain_Clip">
            <clipPath>Things/Item/Equipment/WeaponRanged/Shot_14mmPistol</clipPath>
          </li>
        </grains>
      </li>
    </subSounds>
  </SoundDef>

    <SoundDef>
    <defName>Shot_45SemiAuto</defName>  
    <context>MapOnly</context>  
    <eventNames />  
    <sustainStartSound IsNull="True" />  
    <sustainStopSound IsNull="True" />  
    <subSounds>
      <li>
        <grains>
          <li Class="AudioGrain_Clip">
            <clipPath>Things/Item/Equipment/WeaponRanged/Shot_45SemiAuto</clipPath>
          </li>
        </grains>
      </li>
    </subSounds>
  </SoundDef>

  <SoundDef>
    <defName>Interact_Needler</defName>  
    <context>MapOnly</context>  
    <eventNames />  
    <sustainStartSound IsNull="True" />  
    <sustainStopSound IsNull="True" />  
    <subSounds>
      <li>
        <grains>
          <li Class="AudioGrain_Clip">
            <clipPath>UI/WeaponHandling/Interact_Needler</clipPath>
          </li>
        </grains>      
        <volumeRange>
          <min>100</min>        
          <max>100</max>
        </volumeRange>
      </li>
    </subSounds>
  </SoundDef>  
  
    <SoundDef>
    <defName>Shot_Needler</defName>  
    <context>MapOnly</context>  
    <eventNames />  
    <sustainStartSound IsNull="True" />  
    <sustainStopSound IsNull="True" />  
    <subSounds>
      <li>
        <grains>
          <li Class="AudioGrain_Clip">
            <clipPath>Things/Item/Equipment/WeaponRanged/Shot_Needler</clipPath>
          </li>
        </grains>
      </li>
    </subSounds>
  </SoundDef>

    <SoundDef>
    <defName>Shot_50Deagle</defName>  
    <context>MapOnly</context>  
    <eventNames />  
    <sustainStartSound IsNull="True" />  
    <sustainStopSound IsNull="True" />  
    <subSounds>
      <li>
        <grains>
          <li Class="AudioGrain_Clip">
            <clipPath>Things/Item/Equipment/WeaponRanged/Shot_50Deagle</clipPath>
          </li>
        </grains>
      </li>
    </subSounds>
  </SoundDef>

    <SoundDef>
    <defName>Shot_223Pistol</defName>  
    <context>MapOnly</context>  
    <eventNames />  
    <sustainStartSound IsNull="True" />  
    <sustainStopSound IsNull="True" />  
    <subSounds>
      <li>
        <grains>
          <li Class="AudioGrain_Clip">
            <clipPath>Things/Item/Equipment/WeaponRanged/Shot_223Pistol</clipPath>
          </li>
        </grains>
      </li>
    </subSounds>
  </SoundDef>

  <SoundDef>
    <defName>Interact_GaussPistol</defName>  
    <context>MapOnly</context>  
    <eventNames />  
    <sustainStartSound IsNull="True" />  
    <sustainStopSound IsNull="True" />  
    <subSounds>
      <li>
        <grains>
          <li Class="AudioGrain_Clip">
            <clipPath>UI/WeaponHandling/Interact_GaussPistol</clipPath>
          </li>
        </grains>      
        <volumeRange>
          <min>100</min>        
          <max>100</max>
        </volumeRange>
      </li>
    </subSounds>
  </SoundDef>

    <SoundDef>
    <defName>Shot_GaussPistol</defName>  
    <context>MapOnly</context>  
    <eventNames />  
    <sustainStartSound IsNull="True" />  
    <sustainStopSound IsNull="True" />  
    <subSounds>
      <li>
        <grains>
          <li Class="AudioGrain_Clip">
            <clipPath>Things/Item/Equipment/WeaponRanged/Shot_GaussPistol</clipPath>
          </li>
        </grains>
      </li>
    </subSounds>
  </SoundDef>

  
  
  <!-- =============================== Submachine Guns =================================== -->

  <SoundDef>
    <defName>Interact_SMG_L</defName>  
    <context>MapOnly</context>  
    <eventNames />  
    <sustainStartSound IsNull="True" />  
    <sustainStopSound IsNull="True" />  
    <subSounds>
      <li>
        <grains>
          <li Class="AudioGrain_Clip">
            <clipPath>UI/WeaponHandling/Interact_SMG_L</clipPath>
          </li>
        </grains>      
        <volumeRange>
          <min>100</min>        
          <max>100</max>
        </volumeRange>
      </li>
    </subSounds>
  </SoundDef>

    <SoundDef>
    <defName>Shot_GreaseGun</defName>  
    <context>MapOnly</context>  
    <eventNames />  
    <sustainStartSound IsNull="True" />  
    <sustainStopSound IsNull="True" />  
    <subSounds>
      <li>
        <grains>
          <li Class="AudioGrain_Clip">
            <clipPath>Things/Item/Equipment/WeaponRanged/Shot_GreaseGun</clipPath>
          </li>
        </grains>
      </li>
    </subSounds>
  </SoundDef>
  
      <SoundDef>
    <defName>Shot_10mmSMG</defName>  
    <context>MapOnly</context>  
    <eventNames />  
    <sustainStartSound IsNull="True" />  
    <sustainStopSound IsNull="True" />  
    <subSounds>
      <li>
        <grains>
          <li Class="AudioGrain_Clip">
            <clipPath>Things/Item/Equipment/WeaponRanged/Shot_10mmSMG</clipPath>
          </li>
        </grains>
      </li>
    </subSounds>
  </SoundDef>

  <SoundDef>
    <defName>Interact_SMG_H</defName>  
    <context>MapOnly</context>  
    <eventNames />  
    <sustainStartSound IsNull="True" />  
    <sustainStopSound IsNull="True" />  
    <subSounds>
      <li>
        <grains>
          <li Class="AudioGrain_Clip">
            <clipPath>UI/WeaponHandling/Interact_SMG_H</clipPath>
          </li>
        </grains>      
        <volumeRange>
          <min>100</min>        
          <max>100</max>
        </volumeRange>
      </li>
    </subSounds>
  </SoundDef>
  
  <SoundDef>
    <defName>Shot_TommyGun</defName>  
    <context>MapOnly</context>  
    <eventNames />  
    <sustainStartSound IsNull="True" />  
    <sustainStopSound IsNull="True" />  
    <subSounds>
      <li>
        <grains>
          <li Class="AudioGrain_Clip">
            <clipPath>Things/Item/Equipment/WeaponRanged/Shot_TommyGun</clipPath>
          </li>
        </grains>
      </li>
    </subSounds>
  </SoundDef>

      <SoundDef>
    <defName>Shot_P90c</defName>  
    <context>MapOnly</context>  
    <eventNames />  
    <sustainStartSound IsNull="True" />  
    <sustainStopSound IsNull="True" />  
    <subSounds>
      <li>
        <grains>
          <li Class="AudioGrain_Clip">
            <clipPath>Things/Item/Equipment/WeaponRanged/Shot_P90c</clipPath>
          </li>
        </grains>
      </li>
    </subSounds>
  </SoundDef>

      <SoundDef>
    <defName>Shot_G11E</defName>  
    <context>MapOnly</context>  
    <eventNames />  
    <sustainStartSound IsNull="True" />  
    <sustainStopSound IsNull="True" />  
    <subSounds>
      <li>
        <grains>
          <li Class="AudioGrain_Clip">
            <clipPath>Things/Item/Equipment/WeaponRanged/Shot_G11E</clipPath>
          </li>
        </grains>
      </li>
    </subSounds>
  </SoundDef>  

  <!-- =============================== Ballistic Rifles =================================== -->

  <SoundDef>
    <defName>Interact_Ballistic_Rifle</defName>  
    <context>MapOnly</context>  
    <eventNames />  
    <sustainStartSound IsNull="True" />  
    <sustainStopSound IsNull="True" />  
    <subSounds>
      <li>
        <grains>
          <li Class="AudioGrain_Clip">
            <clipPath>UI/WeaponHandling/Interact_Ballistic_Rifle</clipPath>
          </li>
        </grains>      
        <volumeRange>
          <min>100</min>        
          <max>100</max>
        </volumeRange>
      </li>
    </subSounds>
  </SoundDef>

    <SoundDef>
    <defName>Shot_BoltAction</defName>  
    <context>MapOnly</context>  
    <eventNames />  
    <sustainStartSound IsNull="True" />  
    <sustainStopSound IsNull="True" />  
    <subSounds>
      <li>
        <grains>
          <li Class="AudioGrain_Clip">
            <clipPath>Things/Item/Equipment/WeaponRanged/Shot_BoltAction</clipPath>
          </li>
        </grains>
      </li>
    </subSounds>
  </SoundDef>
  
      <SoundDef>
    <defName>Shot_CombatRifle</defName>  
    <context>MapOnly</context>  
    <eventNames />  
    <sustainStartSound IsNull="True" />  
    <sustainStopSound IsNull="True" />  
    <subSounds>
      <li>
        <grains>
          <li Class="AudioGrain_Clip">
            <clipPath>Things/Item/Equipment/WeaponRanged/Shot_CombatRifle</clipPath>
          </li>
        </grains>
      </li>
    </subSounds>
  </SoundDef>

    <SoundDef>
    <defName>Shot_HighPowered</defName>  
    <context>MapOnly</context>  
    <eventNames />  
    <sustainStartSound IsNull="True" />  
    <sustainStopSound IsNull="True" />  
    <subSounds>
      <li>
        <grains>
          <li Class="AudioGrain_Clip">
            <clipPath>Things/Item/Equipment/WeaponRanged/Shot_HighPowered</clipPath>
          </li>
        </grains>
      </li>
    </subSounds>
  </SoundDef>
  
      <SoundDef>
    <defName>Shot_FNFAL</defName>  
    <context>MapOnly</context>  
    <eventNames />  
    <sustainStartSound IsNull="True" />  
    <sustainStopSound IsNull="True" />  
    <subSounds>
      <li>
        <grains>
          <li Class="AudioGrain_Clip">
            <clipPath>Things/Item/Equipment/WeaponRanged/Shot_FNFAL</clipPath>
          </li>
        </grains>
      </li>
    </subSounds>
  </SoundDef>
  
        <SoundDef>
    <defName>Shot_XL70E4Rifle</defName>  
    <context>MapOnly</context>  
    <eventNames />  
    <sustainStartSound IsNull="True" />  
    <sustainStopSound IsNull="True" />  
    <subSounds>
      <li>
        <grains>
          <li Class="AudioGrain_Clip">
            <clipPath>Things/Item/Equipment/WeaponRanged/Shot_XL70E4Rifle</clipPath>
          </li>
        </grains>
      </li>
    </subSounds>
  </SoundDef>
  
  <SoundDef>
    <defName>Interact_GaussRifle</defName>  
    <context>MapOnly</context>  
    <eventNames />  
    <sustainStartSound IsNull="True" />  
    <sustainStopSound IsNull="True" />  
    <subSounds>
      <li>
        <grains>
          <li Class="AudioGrain_Clip">
            <clipPath>UI/WeaponHandling/Interact_GaussRifle</clipPath>
          </li>
        </grains>      
        <volumeRange>
          <min>100</min>        
          <max>100</max>
        </volumeRange>
      </li>
    </subSounds>
  </SoundDef>

    <SoundDef>
    <defName>Shot_GaussRifle</defName>  
    <context>MapOnly</context>  
    <eventNames />  
    <sustainStartSound IsNull="True" />  
    <sustainStopSound IsNull="True" />  
    <subSounds>
      <li>
        <grains>
          <li Class="AudioGrain_Clip">
            <clipPath>Things/Item/Equipment/WeaponRanged/Shot_GaussRifle</clipPath>
          </li>
        </grains>
      </li>
    </subSounds>
  </SoundDef>  

  <!-- =============================== Machine Guns =================================== -->

  <SoundDef>
    <defName>Interact_HeavyWeapon</defName>  
    <context>MapOnly</context>  
    <eventNames />  
    <sustainStartSound IsNull="True" />  
    <sustainStopSound IsNull="True" />  
    <subSounds>
      <li>
        <grains>
          <li Class="AudioGrain_Clip">
            <clipPath>UI/WeaponHandling/Interact_HeavyWeapon</clipPath>
          </li>
        </grains>      
        <volumeRange>
          <min>100</min>        
          <max>100</max>
        </volumeRange>
      </li>
    </subSounds>
  </SoundDef>

    <SoundDef>
    <defName>Shot_LightSupport</defName>  
    <context>MapOnly</context>  
    <eventNames />  
    <sustainStartSound IsNull="True" />  
    <sustainStopSound IsNull="True" />  
    <subSounds>
      <li>
        <grains>
          <li Class="AudioGrain_Clip">
            <clipPath>Things/Item/Equipment/WeaponRanged/Shot_LightSupport</clipPath>
          </li>
        </grains>
      </li>
    </subSounds>
  </SoundDef>

    <SoundDef>
    <defName>Shot_M60LMG</defName>  
    <context>MapOnly</context>  
    <eventNames />  
    <sustainStartSound IsNull="True" />  
    <sustainStopSound IsNull="True" />  
    <subSounds>
      <li>
        <grains>
          <li Class="AudioGrain_Clip">
            <clipPath>Things/Item/Equipment/WeaponRanged/Shot_M60LMG</clipPath>
          </li>
        </grains>
      </li>
    </subSounds>
  </SoundDef>

    <SoundDef>
    <defName>Shot_Bozar</defName>  
    <context>MapOnly</context>  
    <eventNames />  
    <sustainStartSound IsNull="True" />  
    <sustainStopSound IsNull="True" />  
    <subSounds>
      <li>
        <grains>
          <li Class="AudioGrain_Clip">
            <clipPath>Things/Item/Equipment/WeaponRanged/Shot_Bozar</clipPath>
          </li>
        </grains>
      </li>
    </subSounds>
  </SoundDef>

  <!-- =============================== Gatling Guns =================================== -->

  <SoundDef>
    <defName>Interact_GatlingGuns</defName>  
    <context>MapOnly</context>  
    <eventNames />  
    <sustainStartSound IsNull="True" />  
    <sustainStopSound IsNull="True" />  
    <subSounds>
      <li>
        <grains>
          <li Class="AudioGrain_Clip">
            <clipPath>UI/WeaponHandling/Interact_GatlingGuns</clipPath>
          </li>
        </grains>      
        <volumeRange>
          <min>100</min>        
          <max>100</max>
        </volumeRange>
      </li>
    </subSounds>
  </SoundDef>

    <SoundDef>
    <defName>Shot_GatlingGuns</defName>  
    <context>MapOnly</context>  
    <eventNames />  
    <sustainStartSound IsNull="True" />  
    <sustainStopSound IsNull="True" />  
    <subSounds>
      <li>
        <grains>
          <li Class="AudioGrain_Clip">
            <clipPath>Things/Item/Equipment/WeaponRanged/Shot_GatlingGuns</clipPath>
          </li>
        </grains>
      </li>
    </subSounds>
  </SoundDef>

  <!-- ==================================  Shotguns   ====================================== -->

  <SoundDef>
    <defName>Interact_Shotguns</defName>  
    <context>MapOnly</context>  
    <eventNames />  
    <sustainStartSound IsNull="True" />  
    <sustainStopSound IsNull="True" />  
    <subSounds>
      <li>
        <grains>
          <li Class="AudioGrain_Clip">
            <clipPath>UI/WeaponHandling/Interact_Shotguns</clipPath>
          </li>
        </grains>      
        <volumeRange>
          <min>100</min>        
          <max>100</max>
        </volumeRange>
      </li>
    </subSounds>
  </SoundDef>

    <SoundDef>
    <defName>Shot_SawnOff</defName>  
    <context>MapOnly</context>  
    <eventNames />  
    <sustainStartSound IsNull="True" />  
    <sustainStopSound IsNull="True" />  
    <subSounds>
      <li>
        <grains>
          <li Class="AudioGrain_Clip">
            <clipPath>Things/Item/Equipment/WeaponRanged/Shot_SawnOff</clipPath>
          </li>
        </grains>
      </li>
    </subSounds>
  </SoundDef>
  
      <SoundDef>
    <defName>Shot_OverUnder</defName>  
    <context>MapOnly</context>  
    <eventNames />  
    <sustainStartSound IsNull="True" />  
    <sustainStopSound IsNull="True" />  
    <subSounds>
      <li>
        <grains>
          <li Class="AudioGrain_Clip">
            <clipPath>Things/Item/Equipment/WeaponRanged/Shot_OverUnder</clipPath>
          </li>
        </grains>
      </li>
    </subSounds>
  </SoundDef>

      <SoundDef>
    <defName>Shot_CombatShotgun</defName>  
    <context>MapOnly</context>  
    <eventNames />  
    <sustainStartSound IsNull="True" />  
    <sustainStopSound IsNull="True" />  
    <subSounds>
      <li>
        <grains>
          <li Class="AudioGrain_Clip">
            <clipPath>Things/Item/Equipment/WeaponRanged/Shot_CombatShotgun</clipPath>
          </li>
        </grains>
      </li>
    </subSounds>
  </SoundDef>
  
        <SoundDef>
    <defName>Shot_CAWS</defName>  
    <context>MapOnly</context>  
    <eventNames />  
    <sustainStartSound IsNull="True" />  
    <sustainStopSound IsNull="True" />  
    <subSounds>
      <li>
        <grains>
          <li Class="AudioGrain_Clip">
            <clipPath>Things/Item/Equipment/WeaponRanged/Shot_CAWS</clipPath>
          </li>
        </grains>
      </li>
    </subSounds>
  </SoundDef>

        <SoundDef>
    <defName>Shot_Pancor</defName>  
    <context>MapOnly</context>  
    <eventNames />  
    <sustainStartSound IsNull="True" />  
    <sustainStopSound IsNull="True" />  
    <subSounds>
      <li>
        <grains>
          <li Class="AudioGrain_Clip">
            <clipPath>Things/Item/Equipment/WeaponRanged/Shot_Pancor</clipPath>
          </li>
        </grains>
      </li>
    </subSounds>
  </SoundDef>
  
  <!-- ================================= Energy Pistols  ==================================== -->  
    
  <SoundDef>
    <defName>Interact_LaserPistol</defName>  
    <context>MapOnly</context>  
    <eventNames />  
    <sustainStartSound IsNull="True" />  
    <sustainStopSound IsNull="True" />  
    <subSounds>
      <li>
        <grains>
          <li Class="AudioGrain_Clip">
            <clipPath>UI/WeaponHandling/Interact_LaserPistol</clipPath>
          </li>
        </grains>      
        <volumeRange>
          <min>100</min>        
          <max>100</max>
        </volumeRange>
      </li>
    </subSounds>
  </SoundDef>

  <SoundDef>
    <defName>Shot_LaserPistol</defName>  
    <context>MapOnly</context>  
    <eventNames />  
    <sustainStartSound IsNull="True" />  
    <sustainStopSound IsNull="True" />  
    <subSounds>
      <li>
        <grains>
          <li Class="AudioGrain_Clip">
            <clipPath>Things/Item/Equipment/WeaponRanged/Shot_LaserPistol</clipPath>
          </li>
        </grains>
      </li>
    </subSounds>
  </SoundDef>

    <SoundDef>
    <defName>Interact_PlasmaPistol</defName>  
    <context>MapOnly</context>  
    <eventNames />  
    <sustainStartSound IsNull="True" />  
    <sustainStopSound IsNull="True" />  
    <subSounds>
      <li>
        <grains>
          <li Class="AudioGrain_Clip">
            <clipPath>UI/WeaponHandling/Interact_PlasmaPistol</clipPath>
          </li>
        </grains>      
        <volumeRange>
          <min>100</min>        
          <max>100</max>
        </volumeRange>
      </li>
    </subSounds>
  </SoundDef>

  <SoundDef>
    <defName>Shot_PlasmaPistol</defName>  
    <context>MapOnly</context>  
    <eventNames />  
    <sustainStartSound IsNull="True" />  
    <sustainStopSound IsNull="True" />  
    <subSounds>
      <li>
        <grains>
          <li Class="AudioGrain_Clip">
            <clipPath>Things/Item/Equipment/WeaponRanged/Shot_PlasmaPistol</clipPath>
          </li>
        </grains>
      </li>
    </subSounds>
  </SoundDef>

    <SoundDef>
    <defName>Interact_PulsePistol</defName>  
    <context>MapOnly</context>  
    <eventNames />  
    <sustainStartSound IsNull="True" />  
    <sustainStopSound IsNull="True" />  
    <subSounds>
      <li>
        <grains>
          <li Class="AudioGrain_Clip">
            <clipPath>UI/WeaponHandling/Interact_PulsePistol</clipPath>
          </li>
        </grains>      
        <volumeRange>
          <min>100</min>        
          <max>100</max>
        </volumeRange>
      </li>
    </subSounds>
  </SoundDef>

  <SoundDef>
    <defName>Shot_PulsePistol</defName>  
    <context>MapOnly</context>  
    <eventNames />  
    <sustainStartSound IsNull="True" />  
    <sustainStopSound IsNull="True" />  
    <subSounds>
      <li>
        <grains>
          <li Class="AudioGrain_Clip">
            <clipPath>Things/Item/Equipment/WeaponRanged/Shot_PulsePistol</clipPath>
          </li>
        </grains>
      </li>
    </subSounds>
  </SoundDef>

  <!-- =================================  Energy Rifles  ==================================== -->  
    
  <SoundDef>
    <defName>Interact_LaserRifle</defName>  
    <context>MapOnly</context>  
    <eventNames />  
    <sustainStartSound IsNull="True" />  
    <sustainStopSound IsNull="True" />  
    <subSounds>
      <li>
        <grains>
          <li Class="AudioGrain_Clip">
            <clipPath>UI/WeaponHandling/Interact_LaserRifle</clipPath>
          </li>
        </grains>      
        <volumeRange>
          <min>100</min>        
          <max>100</max>
        </volumeRange>
      </li>
    </subSounds>
  </SoundDef>

  <SoundDef>
    <defName>Shot_LaserRifle</defName>  
    <context>MapOnly</context>  
    <eventNames />  
    <sustainStartSound IsNull="True" />  
    <sustainStopSound IsNull="True" />  
    <subSounds>
      <li>
        <grains>
          <li Class="AudioGrain_Clip">
            <clipPath>Things/Item/Equipment/WeaponRanged/Shot_LaserRifle</clipPath>
          </li>
        </grains>
      </li>
    </subSounds>
  </SoundDef>

    <SoundDef>
    <defName>Interact_PlasmaRifle</defName>  
    <context>MapOnly</context>  
    <eventNames />  
    <sustainStartSound IsNull="True" />  
    <sustainStopSound IsNull="True" />  
    <subSounds>
      <li>
        <grains>
          <li Class="AudioGrain_Clip">
            <clipPath>UI/WeaponHandling/Interact_PlasmaRifle</clipPath>
          </li>
        </grains>      
        <volumeRange>
          <min>100</min>        
          <max>100</max>
        </volumeRange>
      </li>
    </subSounds>
  </SoundDef>

  <SoundDef>
    <defName>Shot_PlasmaRifle</defName>  
    <context>MapOnly</context>  
    <eventNames />  
    <sustainStartSound IsNull="True" />  
    <sustainStopSound IsNull="True" />  
    <subSounds>
      <li>
        <grains>
          <li Class="AudioGrain_Clip">
            <clipPath>Things/Item/Equipment/WeaponRanged/Shot_PlasmaRifle</clipPath>
          </li>
        </grains>
      </li>
    </subSounds>
  </SoundDef>

    <SoundDef>
    <defName>Interact_PulseRifle</defName>  
    <context>MapOnly</context>  
    <eventNames />  
    <sustainStartSound IsNull="True" />  
    <sustainStopSound IsNull="True" />  
    <subSounds>
      <li>
        <grains>
          <li Class="AudioGrain_Clip">
            <clipPath>UI/WeaponHandling/Interact_PulseRifle</clipPath>
          </li>
        </grains>      
        <volumeRange>
          <min>100</min>        
          <max>100</max>
        </volumeRange>
      </li>
    </subSounds>
  </SoundDef>

  <SoundDef>
    <defName>Shot_PulseRifle</defName>  
    <context>MapOnly</context>  
    <eventNames />  
    <sustainStartSound IsNull="True" />  
    <sustainStopSound IsNull="True" />  
    <subSounds>
      <li>
        <grains>
          <li Class="AudioGrain_Clip">
            <clipPath>Things/Item/Equipment/WeaponRanged/Shot_PulseRifle</clipPath>
          </li>
        </grains>
      </li>
    </subSounds>
  </SoundDef>

  <!-- =================================  Heavy Energy  ==================================== -->  
    
  <SoundDef>
    <defName>Interact_GatlingLaser</defName>  
    <context>MapOnly</context>  
    <eventNames />  
    <sustainStartSound IsNull="True" />  
    <sustainStopSound IsNull="True" />  
    <subSounds>
      <li>
        <grains>
          <li Class="AudioGrain_Clip">
            <clipPath>UI/WeaponHandling/Interact_GatlingLaser</clipPath>
          </li>
        </grains>      
        <volumeRange>
          <min>100</min>        
          <max>100</max>
        </volumeRange>
      </li>
    </subSounds>
  </SoundDef>

  <SoundDef>
    <defName>Shot_GatlingLaser</defName>  
    <context>MapOnly</context>  
    <eventNames />  
    <sustainStartSound IsNull="True" />  
    <sustainStopSound IsNull="True" />  
    <subSounds>
      <li>
        <grains>
          <li Class="AudioGrain_Clip">
            <clipPath>Things/Item/Equipment/WeaponRanged/Shot_GatlingLaser</clipPath>
          </li>
        </grains>
      </li>
    </subSounds>
  </SoundDef>

    <SoundDef>
    <defName>Interact_PlasmaCaster</defName>  
    <context>MapOnly</context>  
    <eventNames />  
    <sustainStartSound IsNull="True" />  
    <sustainStopSound IsNull="True" />  
    <subSounds>
      <li>
        <grains>
          <li Class="AudioGrain_Clip">
            <clipPath>UI/WeaponHandling/Interact_PlasmaCaster</clipPath>
          </li>
        </grains>      
        <volumeRange>
          <min>100</min>        
          <max>100</max>
        </volumeRange>
      </li>
    </subSounds>
  </SoundDef>  

  <SoundDef>
    <defName>Shot_PlasmaCaster</defName>  
    <context>MapOnly</context>  
    <eventNames />  
    <sustainStartSound IsNull="True" />  
    <sustainStopSound IsNull="True" />  
    <subSounds>
      <li>
        <grains>
          <li Class="AudioGrain_Clip">
            <clipPath>Things/Item/Equipment/WeaponRanged/Shot_PlasmaCaster</clipPath>
          </li>
        </grains>
      </li>
    </subSounds>
  </SoundDef>



  
</Defs>