﻿<?xml version="1.0" encoding="utf-8"?>
<Defs>

  <SoundDef>
    <defName>Pawn_Crocodylian_Wounded</defName>  
    <context>MapOnly</context>  
    <eventNames />  
    <subSounds>
      <li>
        <grains>
          <li Class="AudioGrain_Folder">
            <clipFolderPath>Pawn/Animals/Crocodylian/Pawn_Crocodylian_Wounded</clipFolderPath>
          </li>
        </grains>      
        <volumeRange>
          <min>28</min>        
          <max>28</max>
        </volumeRange>      
        <pitchRange>
          <min>0.9311765</min>        
          <max>1.091765</max>
        </pitchRange>      
        <distRange>
          <min>0</min>        
          <max>80</max>
        </distRange>      
        <sustainLoop>False</sustainLoop>
      </li>
    </subSounds>
  </SoundDef>

  <SoundDef>
    <defName>Pawn_Crocodylian_Angry</defName>  
    <context>MapOnly</context>  
    <eventNames />  
    <subSounds>
      <li>
        <grains>
          <li Class="AudioGrain_Folder">
            <clipFolderPath>Pawn/Animals/Crocodylian/Pawn_Crocodylian_Angry</clipFolderPath>
          </li>
        </grains>      
        <volumeRange>
          <min>32</min>        
          <max>32</max>
        </volumeRange>      
        <pitchRange>
          <min>0.9311765</min>        
          <max>1.091765</max>
        </pitchRange>      
        <distRange>
          <min>0</min>        
          <max>90</max>
        </distRange>      
        <sustainLoop>False</sustainLoop>
      </li>
    </subSounds>
  </SoundDef>

  <SoundDef>
    <defName>Pawn_Crocodylian_Call</defName>  
    <context>MapOnly</context>  
    <eventNames />  
    <subSounds>
      <li>
        <grains>
          <li Class="AudioGrain_Folder">
            <clipFolderPath>Pawn/Animals/Crocodylian/Pawn_Crocodylian_Call</clipFolderPath>
          </li>
        </grains>      
        <volumeRange>
          <min>16</min>        
          <max>25</max>
        </volumeRange>      
        <pitchRange>
          <min>0.9311765</min>        
          <max>1.091765</max>
        </pitchRange>      
        <distRange>
          <min>0</min>        
          <max>70</max>
        </distRange>      
        <sustainLoop>False</sustainLoop>
      </li>
    </subSounds>
  </SoundDef>

  <SoundDef>
    <defName>Pawn_Crocodylian_Killed</defName>  
    <context>MapOnly</context>  
    <eventNames />  
    <subSounds>
      <li>
        <grains>
          <li Class="AudioGrain_Folder">
            <clipFolderPath>Pawn/Animals/Crocodylian/Pawn_Crocodylian_Killed</clipFolderPath>
          </li>
        </grains>      
        <volumeRange>
          <min>32</min>        
          <max>32</max>
        </volumeRange>      
        <pitchRange>
          <min>0.3111765</min>        
          <max>0.7111765</max>
        </pitchRange>      
        <distRange>
          <min>0</min>        
          <max>70</max>
        </distRange>      
        <sustainLoop>False</sustainLoop>
      </li>
    </subSounds>
  </SoundDef>

</Defs>