<?xml version="1.0" encoding="utf-8" ?>
<Defs>  

	<!-- =======================  Bases ========================== -->

  <ThingDef Name="ReligionsApologeticNeolithicBase" Abstract="True">
    <thingClass>ThingWithComps</thingClass>
	<thingCategories>
      <li>Apologetics</li>
    </thingCategories>
	<stuffCategories>
			<li>Fabric</li>
			<li>Leathery</li>
	</stuffCategories>
    <costStuffCount>20</costStuffCount>
    <category>Item</category>
    <pathCost>10</pathCost>
    <useHitPoints>true</useHitPoints>
	<selectable>true</selectable>	
    <drawGUIOverlay>true</drawGUIOverlay>
    <statBases>
	  <Mass>0.2</Mass>
      <WorkToMake>10000</WorkToMake>
      <MarketValue>30</MarketValue>	
      <MaxHitPoints>20</MaxHitPoints>
      <Flammability>1.0</Flammability>
      <DeteriorationRate>6</DeteriorationRate>
      <SellPriceFactor>0.25</SellPriceFactor>
    </statBases>
    <stackLimit>1</stackLimit>
    <tradeNeverStack>true</tradeNeverStack>	
    <altitudeLayer>Item</altitudeLayer>
    <alwaysHaulable>True</alwaysHaulable>
    <tickerType>Never</tickerType>
    <techLevel>Neolithic</techLevel>
    <inspectorTabs>
      <li>ITab_Art</li>
    </inspectorTabs>
    <comps>
      <li Class="CompProperties_Forbiddable"/>   
      <li>
        <compClass>CompQuality</compClass>
      </li>	  
    </comps>
    <recipeMaker>
      <unfinishedThingDef>Religions_UnfinishedApologetic</unfinishedThingDef>
      <workSkill>Intellectual</workSkill>
      <recipeUsers>
        <li>Politics_WritingSpot</li>
        <li>Politics_WritingDesk</li>
      </recipeUsers>
	  <defaultIngredientFilter>
        <categories>
          <li>Root</li>
        </categories>
      </defaultIngredientFilter>    
    </recipeMaker>
    <tradeTags>
      <li>ExoticMisc</li>
    </tradeTags>
  </ThingDef>

  <ThingDef Name="ReligionsApologeticNeolithicMakeableBase" ParentName="ReligionsApologeticNeolithicBase" Abstract="True">
    <recipeMaker>
      <workSpeedStat>TailoringSpeed</workSpeedStat>
      <workSkill>Crafting</workSkill>
      <effectWorking>Tailor</effectWorking>
      <soundWorking>Recipe_Tailor</soundWorking>
      <recipeUsers>
        <li>Politics_WritingSpot</li>
		<li>Politics_WritingDesk</li>
      </recipeUsers>
      <defaultIngredientFilter>
        <categories>
          <li>Root</li>
        </categories>
      </defaultIngredientFilter>
    </recipeMaker>
	<workSkill>Intellectual</workSkill>
  </ThingDef>

    <ThingDef Name="ReligionsApologeticMedievalBase" Abstract="True">
    <thingClass>ThingWithComps</thingClass>
	<thingCategories>
      <li>Apologetics</li>
    </thingCategories>
	<stuffCategories>
			<li>Fabric</li>
			<li>Leathery</li>
	</stuffCategories>
    <costStuffCount>20</costStuffCount>
    <category>Item</category>
    <pathCost>10</pathCost>
    <useHitPoints>true</useHitPoints>
	<selectable>true</selectable>	
    <drawGUIOverlay>true</drawGUIOverlay>
    <statBases>
	  <Mass>0.2</Mass>
      <WorkToMake>10000</WorkToMake>
      <MarketValue>30</MarketValue>	
      <MaxHitPoints>20</MaxHitPoints>
      <Flammability>1.0</Flammability>
      <DeteriorationRate>6</DeteriorationRate>
      <SellPriceFactor>0.25</SellPriceFactor>
    </statBases>
    <stackLimit>1</stackLimit>
    <tradeNeverStack>true</tradeNeverStack>	
    <altitudeLayer>Item</altitudeLayer>
    <alwaysHaulable>True</alwaysHaulable>
    <tickerType>Never</tickerType>
    <techLevel>Medieval</techLevel>
    <inspectorTabs>
      <li>ITab_Art</li>
    </inspectorTabs>
    <comps>
      <li Class="CompProperties_Forbiddable"/>   
      <li>
        <compClass>CompQuality</compClass>
      </li>	  
    </comps>
    <recipeMaker>
      <unfinishedThingDef>Religions_UnfinishedApologetic</unfinishedThingDef>
      <workSkill>Intellectual</workSkill>
      <recipeUsers>
        <li>Politics_WritingDesk</li>
      </recipeUsers>
	  <defaultIngredientFilter>
        <categories>
          <li>Root</li>
        </categories>
      </defaultIngredientFilter>    
    </recipeMaker>
    <tradeTags>
      <li>ExoticMisc</li>
    </tradeTags>
  </ThingDef>

  <ThingDef Name="ReligionsApolotgeticMedievalMakeableBase" ParentName="ReligionsApologeticMedievalBase" Abstract="True">
    <recipeMaker>
      <workSpeedStat>TailoringSpeed</workSpeedStat>
      <workSkill>Crafting</workSkill>
      <effectWorking>Tailor</effectWorking>
      <soundWorking>Recipe_Tailor</soundWorking>
      <recipeUsers>
		<li>Politics_WritingDesk</li>
      </recipeUsers>
      <defaultIngredientFilter>
        <categories>
          <li>Root</li>
        </categories>
      </defaultIngredientFilter>
    </recipeMaker>
	<workSkill>Intellectual</workSkill>
  </ThingDef>
  
	<!-- ===================== Non Religions ========================== -->

    <ThingDef ParentName="ReligionsApologeticNeolithicBase">
  <defName>Religions_Book_Atheist</defName>
  <label>polemic on atheism</label>
  <description>A structured argument demonstrating the unproven nature of the existence of any form of diety.</description>
    <graphicData>
      <texPath>Item/Resource/Polemic/Polemic</texPath>
      <graphicClass>Graphic_Single</graphicClass>
      <onGroundRandomRotateAngle>35</onGroundRandomRotateAngle>
    </graphicData>    
    <comps>
	  <li Class="CompProperties_Usable">
        <useJob>UseItem</useJob>
        <useLabel>Use religious polemic</useLabel>
        <useDuration>600</useDuration>
      </li>
      <li Class="CompProperties_UseEffect">
        <compClass>PoliticsandReligions.CompUseEffect_SetReligions</compClass>
      </li>
      <li Class="CompProperties_UseEffect">
        <compClass>CompUseEffect_DestroySelf</compClass>
      </li>
    </comps>
  </ThingDef>

    <ThingDef ParentName="ReligionsApologeticNeolithicBase">
  <defName>Religions_Book_Antitheist</defName>
  <label>polemic on antitheism</label>
  <description>A structured argument demonstrating the sins of organized religion.</description>
    <graphicData>
      <texPath>Item/Resource/Polemic/Polemic</texPath>
      <graphicClass>Graphic_Single</graphicClass>
      <onGroundRandomRotateAngle>35</onGroundRandomRotateAngle>
    </graphicData>    
    <comps>
	  <li Class="CompProperties_Usable">
        <useJob>UseItem</useJob>
        <useLabel>Use religious polemic</useLabel>
        <useDuration>600</useDuration>
      </li>
      <li Class="CompProperties_UseEffect">
        <compClass>PoliticsandReligions.CompUseEffect_SetReligions</compClass>
      </li>
      <li Class="CompProperties_UseEffect">
        <compClass>CompUseEffect_DestroySelf</compClass>
      </li>
    </comps>
  </ThingDef>  

    <ThingDef ParentName="ReligionsApologeticNeolithicBase">
  <defName>Religions_Book_Agnostic</defName>
  <label>polemic on agnosticism</label>
  <description>A structured argument demonstrating the benefit of religious pluralism.</description>
    <graphicData>
      <texPath>Item/Resource/Polemic/Polemic</texPath>
      <graphicClass>Graphic_Single</graphicClass>
      <onGroundRandomRotateAngle>35</onGroundRandomRotateAngle>
    </graphicData>    
    <comps>
	  <li Class="CompProperties_Usable">
        <useJob>UseItem</useJob>
        <useLabel>Use religious polemic</useLabel>
        <useDuration>600</useDuration>
      </li>
      <li Class="CompProperties_UseEffect">
        <compClass>PoliticsandReligions.CompUseEffect_SetReligions</compClass>
      </li>
      <li Class="CompProperties_UseEffect">
        <compClass>CompUseEffect_DestroySelf</compClass>
      </li>
    </comps>
  </ThingDef>

	<!-- ===================== Earth Religions ========================== -->

    <ThingDef ParentName="ReligionsApologeticMedievalBase">
  <defName>Religions_Book_Christian</defName>
  <label>apologetic on Christianity</label>
  <description>A structured argument demonstrating the benefit of living by the teachings of the Holy Bible.</description>
    <graphicData>
      <texPath>Item/Resource/Apologetic/Apologetic</texPath>
      <graphicClass>Graphic_Single</graphicClass>
      <onGroundRandomRotateAngle>35</onGroundRandomRotateAngle>
    </graphicData>    
    <comps>
	  <li Class="CompProperties_Usable">
        <useJob>UseItem</useJob>
        <useLabel>Use religious apologetic</useLabel>
        <useDuration>600</useDuration>
      </li>
      <li Class="CompProperties_UseEffect">
        <compClass>PoliticsandReligions.CompUseEffect_SetReligions</compClass>
      </li>
      <li Class="CompProperties_UseEffect">
        <compClass>CompUseEffect_DestroySelf</compClass>
      </li>
    </comps>
  </ThingDef>	

    <ThingDef ParentName="ReligionsApologeticMedievalBase">
  <defName>Religions_Book_Judaism</defName>
  <label>apologetic on Judaism</label>
  <description>A structured argument demonstrating the benefit of living by the teachings of the Torah and the Tanakh.</description>
    <graphicData>
      <texPath>Item/Resource/Apologetic/Apologetic</texPath>
      <graphicClass>Graphic_Single</graphicClass>
      <onGroundRandomRotateAngle>35</onGroundRandomRotateAngle>
    </graphicData>    
    <comps>
	  <li Class="CompProperties_Usable">
        <useJob>UseItem</useJob>
        <useLabel>Use religious apologetic</useLabel>
        <useDuration>600</useDuration>
      </li>
      <li Class="CompProperties_UseEffect">
        <compClass>PoliticsandReligions.CompUseEffect_SetReligions</compClass>
      </li>
      <li Class="CompProperties_UseEffect">
        <compClass>CompUseEffect_DestroySelf</compClass>
      </li>
    </comps>
  </ThingDef>	

    <ThingDef ParentName="ReligionsApologeticMedievalBase">
  <defName>Religions_Book_Taoism</defName>
  <label>apologetic on Taoism</label>
  <description>A structured argument demonstrating the benefit of living by the teachings of the Tao Te Ching.</description>
    <graphicData>
      <texPath>Item/Resource/Apologetic/Apologetic</texPath>
      <graphicClass>Graphic_Single</graphicClass>
      <onGroundRandomRotateAngle>35</onGroundRandomRotateAngle>
    </graphicData>    
    <comps>
	  <li Class="CompProperties_Usable">
        <useJob>UseItem</useJob>
        <useLabel>Use religious apologetic</useLabel>
        <useDuration>600</useDuration>
      </li>
      <li Class="CompProperties_UseEffect">
        <compClass>PoliticsandReligions.CompUseEffect_SetReligions</compClass>
      </li>
      <li Class="CompProperties_UseEffect">
        <compClass>CompUseEffect_DestroySelf</compClass>
      </li>
    </comps>
  </ThingDef>	

    <ThingDef ParentName="ReligionsApologeticMedievalBase">
  <defName>Religions_Book_Buddhism</defName>
  <label>apologetic on Buddhism</label>
  <description>A structured argument demonstrating the benefit of living by the teachings of the Pali canon.</description>
    <graphicData>
      <texPath>Item/Resource/Apologetic/Apologetic</texPath>
      <graphicClass>Graphic_Single</graphicClass>
      <onGroundRandomRotateAngle>35</onGroundRandomRotateAngle>
    </graphicData>    
    <comps>
	  <li Class="CompProperties_Usable">
        <useJob>UseItem</useJob>
        <useLabel>Use religious apologetic</useLabel>
        <useDuration>600</useDuration>
      </li>
      <li Class="CompProperties_UseEffect">
        <compClass>PoliticsandReligions.CompUseEffect_SetReligions</compClass>
      </li>
      <li Class="CompProperties_UseEffect">
        <compClass>CompUseEffect_DestroySelf</compClass>
      </li>
    </comps>
  </ThingDef>	

    <ThingDef ParentName="ReligionsApologeticMedievalBase">
  <defName>Religions_Book_Sikhism</defName>
  <label>apologetic on Sikhism</label>
  <description>A structured argument demonstrating the benefit of living by the teachings of the Guru Garanth Sahib.</description>
    <graphicData>
      <texPath>Item/Resource/Apologetic/Apologetic</texPath>
      <graphicClass>Graphic_Single</graphicClass>
      <onGroundRandomRotateAngle>35</onGroundRandomRotateAngle>
    </graphicData>    
    <comps>
	  <li Class="CompProperties_Usable">
        <useJob>UseItem</useJob>
        <useLabel>Use religious apologetic</useLabel>
        <useDuration>600</useDuration>
      </li>
      <li Class="CompProperties_UseEffect">
        <compClass>PoliticsandReligions.CompUseEffect_SetReligions</compClass>
      </li>
      <li Class="CompProperties_UseEffect">
        <compClass>CompUseEffect_DestroySelf</compClass>
      </li>
    </comps>
  </ThingDef>	

    <ThingDef ParentName="ReligionsApologeticMedievalBase">
  <defName>Religions_Book_Hinduism</defName>
  <label>apologetic on Hinduism</label>
  <description>A structured argument demonstrating the benefit of living by the teachings of the Vedas and Prinicpal Upanishads.</description>
    <graphicData>
      <texPath>Item/Resource/Apologetic/Apologetic</texPath>
      <graphicClass>Graphic_Single</graphicClass>
      <onGroundRandomRotateAngle>35</onGroundRandomRotateAngle>
    </graphicData>    
    <comps>
	  <li Class="CompProperties_Usable">
        <useJob>UseItem</useJob>
        <useLabel>Use religious apologetic</useLabel>
        <useDuration>600</useDuration>
      </li>
      <li Class="CompProperties_UseEffect">
        <compClass>PoliticsandReligions.CompUseEffect_SetReligions</compClass>
      </li>
      <li Class="CompProperties_UseEffect">
        <compClass>CompUseEffect_DestroySelf</compClass>
      </li>
    </comps>
  </ThingDef>	

    <ThingDef ParentName="ReligionsApologeticMedievalBase">
  <defName>Religions_Book_Jainism</defName>
  <label>apologetic on Jainism</label>
  <description>A structured argument demonstrating the benefit of living by the teachings of the Agamas of the tirthankara.</description>
    <graphicData>
      <texPath>Item/Resource/Apologetic/Apologetic</texPath>
      <graphicClass>Graphic_Single</graphicClass>
      <onGroundRandomRotateAngle>35</onGroundRandomRotateAngle>
    </graphicData>    
    <comps>
	  <li Class="CompProperties_Usable">
        <useJob>UseItem</useJob>
        <useLabel>Use religious apologetic</useLabel>
        <useDuration>600</useDuration>
      </li>
      <li Class="CompProperties_UseEffect">
        <compClass>PoliticsandReligions.CompUseEffect_SetReligions</compClass>
      </li>
      <li Class="CompProperties_UseEffect">
        <compClass>CompUseEffect_DestroySelf</compClass>
      </li>
    </comps>
  </ThingDef>	

    <ThingDef ParentName="ReligionsApologeticMedievalBase">
  <defName>Religions_Book_Zoroastrianism</defName>
  <label>apologetic on Zoroastrianism</label>
  <description>A structured argument demonstrating the benefit of living by the teachings of the Avesta Yasna.</description>
    <graphicData>
      <texPath>Item/Resource/Apologetic/Apologetic</texPath>
      <graphicClass>Graphic_Single</graphicClass>
      <onGroundRandomRotateAngle>35</onGroundRandomRotateAngle>
    </graphicData>    
    <comps>
	  <li Class="CompProperties_Usable">
        <useJob>UseItem</useJob>
        <useLabel>Use religious apologetic</useLabel>
        <useDuration>600</useDuration>
      </li>
      <li Class="CompProperties_UseEffect">
        <compClass>PoliticsandReligions.CompUseEffect_SetReligions</compClass>
      </li>
      <li Class="CompProperties_UseEffect">
        <compClass>CompUseEffect_DestroySelf</compClass>
      </li>
    </comps>
  </ThingDef>	

    <ThingDef ParentName="ReligionsApologeticMedievalBase">
  <defName>Religions_Book_Islamic</defName>
  <label>apologetic on Islam</label>
  <description>A structured argument demonstrating the benefit of living by the teachings of the Koran.</description>
    <graphicData>
      <texPath>Item/Resource/Apologetic/Apologetic</texPath>
      <graphicClass>Graphic_Single</graphicClass>
      <onGroundRandomRotateAngle>35</onGroundRandomRotateAngle>
    </graphicData>    
    <comps>
	  <li Class="CompProperties_Usable">
        <useJob>UseItem</useJob>
        <useLabel>Use religious apologetic</useLabel>
        <useDuration>600</useDuration>
      </li>
      <li Class="CompProperties_UseEffect">
        <compClass>PoliticsandReligions.CompUseEffect_SetReligions</compClass>
      </li>
      <li Class="CompProperties_UseEffect">
        <compClass>CompUseEffect_DestroySelf</compClass>
      </li>
    </comps>
  </ThingDef>	

    <ThingDef ParentName="ReligionsApologeticMedievalBase">
  <defName>Religions_Book_Pagan</defName>
  <label>apologetic on Paganism</label>
  <description>A structured argument demonstrating the benefit of living by the spiritual ways of the distant past.</description>
    <graphicData>
      <texPath>Item/Resource/Apologetic/Apologetic</texPath>
      <graphicClass>Graphic_Single</graphicClass>
      <onGroundRandomRotateAngle>35</onGroundRandomRotateAngle>
    </graphicData>    
    <comps>
	  <li Class="CompProperties_Usable">
        <useJob>UseItem</useJob>
        <useLabel>Use religious apologetic</useLabel>
        <useDuration>600</useDuration>
      </li>
      <li Class="CompProperties_UseEffect">
        <compClass>PoliticsandReligions.CompUseEffect_SetReligions</compClass>
      </li>
      <li Class="CompProperties_UseEffect">
        <compClass>CompUseEffect_DestroySelf</compClass>
      </li>
    </comps>
  </ThingDef>	

  	<!-- ===================== Rim World Religions ========================== -->

	<ThingDef ParentName="ReligionsApologeticNeolithicBase">
  <defName>Religions_Book_Mysticism</defName>
  <label>apologetic on Mysticism</label>
  <description>A structured argument demonstrating the benefit of gaining the knowledge of a secret society.</description>
    <graphicData>
      <texPath>Item/Resource/Apologetic/Apologetic</texPath>
      <graphicClass>Graphic_Single</graphicClass>
      <onGroundRandomRotateAngle>35</onGroundRandomRotateAngle>
    </graphicData>    
    <comps>
	  <li Class="CompProperties_Usable">
        <useJob>UseItem</useJob>
        <useLabel>Use religious apologetic</useLabel>
        <useDuration>600</useDuration>
      </li>
      <li Class="CompProperties_UseEffect">
        <compClass>PoliticsandReligions.CompUseEffect_SetReligions</compClass>
      </li>
      <li Class="CompProperties_UseEffect">
        <compClass>CompUseEffect_DestroySelf</compClass>
      </li>
    </comps>
  </ThingDef>

    <ThingDef ParentName="ReligionsApologeticNeolithicBase">
  <defName>Religions_Book_Mother</defName>
  <label>apologetic on the Planet Mother</label>
  <description>A structured argument demonstrating the benefit of living in harmony with the Planet Mother.</description>
    <graphicData>
      <texPath>Item/Resource/Apologetic/Apologetic</texPath>
      <graphicClass>Graphic_Single</graphicClass>
      <onGroundRandomRotateAngle>35</onGroundRandomRotateAngle>
    </graphicData>    
    <comps>
	  <li Class="CompProperties_Usable">
        <useJob>UseItem</useJob>
        <useLabel>Use religious apologetic</useLabel>
        <useDuration>600</useDuration>
      </li>
      <li Class="CompProperties_UseEffect">
        <compClass>PoliticsandReligions.CompUseEffect_SetReligions</compClass>
      </li>
      <li Class="CompProperties_UseEffect">
        <compClass>CompUseEffect_DestroySelf</compClass>
      </li>
    </comps>
  </ThingDef>

    <ThingDef ParentName="ReligionsApologeticNeolithicBase">
  <defName>Religions_Book_Father</defName>
  <label>apologetic on the Sky Father</label>
  <description>A structured argument demonstrating the benefit of living in awe of the might of the Sky Father.</description>
    <graphicData>
      <texPath>Item/Resource/Apologetic/Apologetic</texPath>
      <graphicClass>Graphic_Single</graphicClass>
      <onGroundRandomRotateAngle>35</onGroundRandomRotateAngle>
    </graphicData>    
    <comps>
	  <li Class="CompProperties_Usable">
        <useJob>UseItem</useJob>
        <useLabel>Use religious apologetic</useLabel>
        <useDuration>600</useDuration>
      </li>
      <li Class="CompProperties_UseEffect">
        <compClass>PoliticsandReligions.CompUseEffect_SetReligions</compClass>
      </li>
      <li Class="CompProperties_UseEffect">
        <compClass>CompUseEffect_DestroySelf</compClass>
      </li>
    </comps>
  </ThingDef>

    <ThingDef ParentName="ReligionsApologeticNeolithicBase">
  <defName>Religions_Book_Archon</defName>
  <label>apologetic on the Archon</label>
  <description>A structured argument demonstrating the benefit of joining the forces of good in battling evil.</description>
    <graphicData>
      <texPath>Item/Resource/Apologetic/Apologetic</texPath>
      <graphicClass>Graphic_Single</graphicClass>
      <onGroundRandomRotateAngle>35</onGroundRandomRotateAngle>
    </graphicData>    
    <comps>
	  <li Class="CompProperties_Usable">
        <useJob>UseItem</useJob>
        <useLabel>Use religious apologetic</useLabel>
        <useDuration>600</useDuration>
      </li>
      <li Class="CompProperties_UseEffect">
        <compClass>PoliticsandReligions.CompUseEffect_SetReligions</compClass>
      </li>
      <li Class="CompProperties_UseEffect">
        <compClass>CompUseEffect_DestroySelf</compClass>
      </li>
    </comps>
  </ThingDef>

    <ThingDef ParentName="ReligionsApologeticNeolithicBase">
  <defName>Religions_Book_Animism</defName>
  <label>apologetic on Animism</label>
  <description>A structured argument demonstrating the benefit of living a life aware of the influence of spirits.</description>
    <graphicData>
      <texPath>Item/Resource/Apologetic/Apologetic</texPath>
      <graphicClass>Graphic_Single</graphicClass>
      <onGroundRandomRotateAngle>35</onGroundRandomRotateAngle>
    </graphicData>    
    <comps>
	  <li Class="CompProperties_Usable">
        <useJob>UseItem</useJob>
        <useLabel>Use religious apologetic</useLabel>
        <useDuration>600</useDuration>
      </li>
      <li Class="CompProperties_UseEffect">
        <compClass>PoliticsandReligions.CompUseEffect_SetReligions</compClass>
      </li>
      <li Class="CompProperties_UseEffect">
        <compClass>CompUseEffect_DestroySelf</compClass>
      </li>
    </comps>
  </ThingDef>

    <ThingDef ParentName="ReligionsApologeticNeolithicBase">
  <defName>Religions_Book_Sacrifice</defName>
  <label>apologetic on human sacrifice</label>
  <description>A structured argument demonstrating the benefit of sacrificing the living to the forces of darkness.</description>
    <graphicData>
      <texPath>Item/Resource/Apologetic/Apologetic</texPath>
      <graphicClass>Graphic_Single</graphicClass>
      <onGroundRandomRotateAngle>35</onGroundRandomRotateAngle>
    </graphicData>    
    <comps>
	  <li Class="CompProperties_Usable">
        <useJob>UseItem</useJob>
        <useLabel>Use religious apologetic</useLabel>
        <useDuration>600</useDuration>
      </li>
      <li Class="CompProperties_UseEffect">
        <compClass>PoliticsandReligions.CompUseEffect_SetReligions</compClass>
      </li>
      <li Class="CompProperties_UseEffect">
        <compClass>CompUseEffect_DestroySelf</compClass>
      </li>
    </comps>
  </ThingDef>
  
</Defs>