﻿<?xml version="1.0" encoding="utf-8" ?>
<Defs>
  
  
  <ThingDef ParentName="BaseMeleeWeapon_Blunt_Quality">
		<defName>MeleeWeapon_AJ_Baton</defName>
		<label>baton</label>
		<description>A military or police baton. It is surprisingly heavy and dense.</description>
		<graphicData>
			<texPath>Things/Item/Equipment/WeaponMelee/Baton</texPath>
			<graphicClass>Graphic_Single</graphicClass>
		</graphicData>
    <techLevel>Medieval</techLevel>
		<costStuffCount>25</costStuffCount>
		<statBases>
			<WorkToMake>300</WorkToMake>
			<Mass>1</Mass>
		</statBases>
		<equippedAngleOffset>-65</equippedAngleOffset>
    <recipeMaker>
      <skillRequirements>
        <Crafting>3</Crafting>
      </skillRequirements>
    </recipeMaker>
		<stuffCategories>
			<li>Metallic</li>
			<li>Woody</li>
		</stuffCategories>
    <weaponTags>
      <li>MedievalMeleeDecent</li>
    </weaponTags>
    <tools>
      <li>
        <label>tip</label>
        <capacities>
          <li>Poke</li>
        </capacities>
        <power>9</power>
        <cooldownTime>1.8</cooldownTime>
      </li>
      <li>
        <label>base</label>
        <labelUsedInLogging>false</labelUsedInLogging>
        <capacities>
          <li>Blunt</li>
        </capacities>
        <power>9</power>
        <cooldownTime>1.8</cooldownTime>
      </li>
    </tools>
	</ThingDef>

	<ThingDef ParentName="BaseMeleeWeapon_Blunt_Quality">
    <defName>MeleeWeapon_AJ_Knuckleduster</defName>
    <label>knuckleduster</label>
    <description>Hardened metal grip and knuckle-guard protects the hand while sharp spikes tear into flesh causing bloody wounds.</description>
    <graphicData>
      <texPath>Things/Item/Equipment/WeaponMelee/Knuckleduster</texPath>
      <graphicClass>Graphic_Single</graphicClass>
    </graphicData>
    <techLevel>Medieval</techLevel>
    <costStuffCount>40</costStuffCount>
    <weaponTags>
      <li>MedievalMeleeDecent</li>
    </weaponTags>
    <statBases>
      <WorkToMake>500</WorkToMake>
      <Mass>0.25</Mass>
    </statBases>
    <equippedAngleOffset>-65</equippedAngleOffset>
    <stuffCategories>
      <li>Metallic</li>
	</stuffCategories>
    <tools>
      <li>
        <label>edge</label>
        <capacities>
          <li>Blunt</li>
        </capacities>
        <power>10</power>
        <cooldownTime>1.5</cooldownTime>
      </li>
      <li>
        <label>points</label>
        <capacities>
          <li>Stab</li>
        </capacities>
        <power>10</power>
        <cooldownTime>1.5</cooldownTime>
      </li>
    </tools>
    <recipeMaker>
	    <researchPrerequisite>Smithing</researchPrerequisite>
      <skillRequirements>
        <Crafting>3</Crafting>
      </skillRequirements>
    </recipeMaker>
  </ThingDef>

    <ThingDef ParentName="BaseMeleeWeapon_Blunt_Quality">
    <defName>MeleeWeapon_AJ_BaseballBat</defName>
    <label>sport bat</label>
    <description>This hardwood, sport bat will knock anything right out of the park.</description>
    <graphicData>
      <texPath>Things/Item/Equipment/WeaponMelee/BaseballBat</texPath>
      <graphicClass>Graphic_Single</graphicClass>
    </graphicData>
    <techLevel>Industrial</techLevel>
    <weaponTags>
      <li>MedievalMeleeAdvanced</li>
    </weaponTags>
    <costStuffCount>40</costStuffCount>
    <statBases>
      <WorkToMake>500</WorkToMake>
      <Mass>2</Mass>
    </statBases>
    <equippedAngleOffset>-25</equippedAngleOffset>
    <stuffCategories>
      <li>Metallic</li>
      <li>Woody</li>
    </stuffCategories>
    <tools>
      <li>
        <label>shaft</label>
        <capacities>
          <li>Blunt</li>
          <li>Poke</li>
        </capacities>
        <power>9</power>
        <cooldownTime>2</cooldownTime>
      </li>
      <li>
        <label>sweet spot</label>
        <capacities>
          <li>Blunt</li>
        </capacities>
        <power>14</power>
        <cooldownTime>2</cooldownTime>
      </li>
    </tools>
    <recipeMaker>
      <skillRequirements>
        <Crafting>4</Crafting>
      </skillRequirements>
    </recipeMaker>
  </ThingDef>
  
 
    <ThingDef ParentName="BaseMeleeWeapon_Blunt_Quality">
    <defName>MeleeWeapon_AJ_Sledgehammer</defName>
    <label>sledgehammer</label>
    <description>A large hammer with big handle. Very popular with the muscular crowd.</description>
    <graphicData>
      <texPath>Things/Item/Equipment/WeaponMelee/Sledgehammer</texPath>
      <graphicClass>Graphic_Single</graphicClass>
    </graphicData>
    <techLevel>Industrial</techLevel>
    <weaponTags>
      <li>MedievalMeleeAdvanced</li>
    </weaponTags>
    <costList>
      <Steel>75</Steel>
	  <WoodLog>25</WoodLog>
    </costList>
    <statBases>
      <WorkToMake>20000</WorkToMake>
      <Mass>10</Mass>
    </statBases>
    <equippedAngleOffset>-25</equippedAngleOffset>
    <tools>
      <li>
        <label>shaft</label>
        <capacities>
          <li>Blunt</li>
        </capacities>
        <power>9</power>
        <cooldownTime>2</cooldownTime>
      </li>
      <li>
        <label>head</label>
        <capacities>
          <li>Blunt</li>
        </capacities>
        <power>23</power>
        <cooldownTime>2.6</cooldownTime>
      </li>
    </tools>
    <recipeMaker>
	    <researchPrerequisite>Smithing</researchPrerequisite>
	  <skillRequirements>
        <Crafting>4</Crafting>
      </skillRequirements>
    </recipeMaker>
  </ThingDef>
  
  
        <ThingDef ParentName="BaseMeleeWeapon_Blunt_Quality">
    <defName>MeleeWeapon_AJ_Powerfist</defName>
    <label>power fist</label>
    <description>A Big Frigger™ power fist from BeatCo. Considered by many to be the ultimate weapon to use in unarmed combat.</description>
    <graphicData>
      <texPath>Things/Item/Equipment/WeaponMelee/PowerFist</texPath>
      <graphicClass>Graphic_Single</graphicClass>
    </graphicData>
    <techLevel>Industrial</techLevel>
    <weaponTags>
	<li>IndustrialGunAdvanced</li>
    </weaponTags>
    <costList>
	  <Steel>100</Steel>
      <ComponentIndustrial>3</ComponentIndustrial>
    </costList>
    <statBases>
      <WorkToMake>24000</WorkToMake>
      <Mass>3.5</Mass>
    </statBases>
    <equippedAngleOffset>0</equippedAngleOffset>
    <tools>
      <li>
        <label>discharge knuckles</label>
        <capacities>
          <li>Blunt</li>
        </capacities>
        <power>20</power>
        <cooldownTime>1.5</cooldownTime>
      </li>
    </tools>
 <recipeMaker>
      <researchPrerequisite>Fabrication</researchPrerequisite>
      <skillRequirements>
        <Crafting>7</Crafting>
      </skillRequirements>
      <recipeUsers Inherit="False">
        <li>FabricationBench</li>
      </recipeUsers>
    </recipeMaker>
  </ThingDef>
  
  
          <ThingDef ParentName="BaseMeleeWeapon_Sharp_Quality">
    <defName>MeleeWeapon_AJ_Ripper</defName>
    <label>ripper</label>
    <description>A Ripper™ vibroblade. The chainblade rips and tears into its target.</description>
    <graphicData>
      <texPath>Things/Item/Equipment/WeaponMelee/Ripper</texPath>
      <graphicClass>Graphic_Single</graphicClass>
    </graphicData>
    <techLevel>Industrial</techLevel>
    <weaponTags>
      <li>IndustrialGunAdvanced</li>
    </weaponTags>
    <costList>
      <Steel>100</Steel>
      <ComponentIndustrial>4</ComponentIndustrial>
    </costList>
    <statBases>
      <WorkToMake>25000</WorkToMake>
      <Mass>3.5</Mass>
    </statBases>
    <equippedAngleOffset>0</equippedAngleOffset>
    <tools>
      <li>
        <label>ripping blades</label>
        <capacities>
          <li>Cut</li>
        </capacities>
        <power>5</power>
        <cooldownTime>0.5</cooldownTime>
      </li>
    </tools>
 <recipeMaker>
      <researchPrerequisite>Fabrication</researchPrerequisite>
      <skillRequirements>
        <Crafting>7</Crafting>
      </skillRequirements>
      <recipeUsers Inherit="False">
        <li>FabricationBench</li>
      </recipeUsers>
    </recipeMaker>
  </ThingDef>
  
  
        <ThingDef ParentName="BaseMeleeWeapon_Blunt_Quality">
    <defName>MeleeWeapon_AJ_SuperSledge</defName>
    <label>super sledge</label>
    <description>A Super Sledgehammer manufactured using the finest weapon technology available. Includes a kinetic energy storage device to increase knockback.</description>
    <graphicData>
      <texPath>Things/Item/Equipment/WeaponMelee/SuperSledge</texPath>
      <graphicClass>Graphic_Single</graphicClass>
    </graphicData>
    <techLevel>Industrial</techLevel>
    <weaponTags>
		<li>IndustrialGunAdvanced</li>
    </weaponTags>
    <costList>
	  <Steel>120</Steel>
      <ComponentIndustrial>5</ComponentIndustrial>
    </costList>
    <statBases>
      <WorkToMake>30000</WorkToMake>
      <Mass>12</Mass>
    </statBases>
    <equippedAngleOffset>0</equippedAngleOffset>
    <tools>
	   <li>
        <label>shaft</label>
        <capacities>
          <li>Blunt</li>
        </capacities>
        <power>9</power>
        <cooldownTime>2</cooldownTime>
      </li>
      <li>
        <label>impact piston</label>
        <capacities>
          <li>Blunt</li>
        </capacities>
        <power>27</power>
        <cooldownTime>2.6</cooldownTime>
      </li>
    </tools>
 <recipeMaker>
      <researchPrerequisite>Fabrication</researchPrerequisite>
      <skillRequirements>
        <Crafting>7</Crafting>
      </skillRequirements>
      <recipeUsers Inherit="False">
        <li>FabricationBench</li>
      </recipeUsers>
    </recipeMaker>
  </ThingDef>


  
</Defs>