<?xml version="1.0" encoding="utf-8" ?>
<Defs>  

  <ThingDef ParentName="MechSerumBase">
    <defName>MechSerumYouth</defName>
    <label>age reversing mech serum</label>
    <description>A one-use super-dose of mechanites tuned to repair genetic damage. The mechanites will target and mend defective genetic coding and age inducing mutations. The mechanites effectively reverse years of natural aging.</description>
    <graphicData>
      <texPath>Things/Item/Special/MechSerumHealer</texPath>
      <graphicClass>Graphic_Single</graphicClass>
    </graphicData>
    <stackLimit>10</stackLimit>
    <statBases>
      <MarketValue>2500</MarketValue>
    </statBases>
    <tradeability>Sellable</tradeability>
    <comps>
      <li Class="CompProperties_Usable">
        <useJob>UseItem</useJob>
        <useLabel>Use age reversing mech serum</useLabel>
        <useDuration>600</useDuration>
      </li>
      <li Class="CompProperties_UseEffect">
        <compClass>ReverseAgeCondition.CompUseEffect_ReverseAgeCondition</compClass>
      </li>
      <li Class="CompProperties_UseEffect">
        <compClass>CompUseEffect_DestroySelf</compClass>
      </li>
    </comps>
    <thingSetMakerTags>
		<li>RewardStandardLowFreq</li>
    </thingSetMakerTags>
  </ThingDef>
  
</Defs>